-- phpMyAdmin SQL Dump
-- version 4.9.0.1
-- https://www.phpmyadmin.net/
--
-- Host: 127.0.0.1
-- Generation Time: Aug 18, 2019 at 10:57 PM
-- Server version: 10.3.16-MariaDB
-- PHP Version: 7.3.7

SET SQL_MODE = "NO_AUTO_VALUE_ON_ZERO";
SET AUTOCOMMIT = 0;
START TRANSACTION;
SET time_zone = "+00:00";


/*!40101 SET @OLD_CHARACTER_SET_CLIENT=@@CHARACTER_SET_CLIENT */;
/*!40101 SET @OLD_CHARACTER_SET_RESULTS=@@CHARACTER_SET_RESULTS */;
/*!40101 SET @OLD_COLLATION_CONNECTION=@@COLLATION_CONNECTION */;
/*!40101 SET NAMES utf8mb4 */;

--
-- Database: `lara_api`
--

-- --------------------------------------------------------

--
-- Table structure for table `migrations`
--

CREATE TABLE `migrations` (
  `id` int(10) UNSIGNED NOT NULL,
  `migration` varchar(255) COLLATE utf8mb4_unicode_ci NOT NULL,
  `batch` int(11) NOT NULL
) ENGINE=InnoDB DEFAULT CHARSET=utf8mb4 COLLATE=utf8mb4_unicode_ci;

--
-- Dumping data for table `migrations`
--

INSERT INTO `migrations` (`id`, `migration`, `batch`) VALUES
(1, '2014_10_12_000000_create_users_table', 1),
(2, '2014_10_12_100000_create_password_resets_table', 1),
(3, '2019_08_18_201751_create_products_table', 1),
(4, '2019_08_18_201827_create_reviews_table', 1);

-- --------------------------------------------------------

--
-- Table structure for table `password_resets`
--

CREATE TABLE `password_resets` (
  `email` varchar(255) COLLATE utf8mb4_unicode_ci NOT NULL,
  `token` varchar(255) COLLATE utf8mb4_unicode_ci NOT NULL,
  `created_at` timestamp NULL DEFAULT NULL
) ENGINE=InnoDB DEFAULT CHARSET=utf8mb4 COLLATE=utf8mb4_unicode_ci;

-- --------------------------------------------------------

--
-- Table structure for table `products`
--

CREATE TABLE `products` (
  `id` bigint(20) UNSIGNED NOT NULL,
  `name` varchar(255) COLLATE utf8mb4_unicode_ci NOT NULL,
  `detail` text COLLATE utf8mb4_unicode_ci NOT NULL,
  `price` int(11) NOT NULL,
  `stock` int(11) NOT NULL,
  `discount` int(11) NOT NULL,
  `created_at` timestamp NULL DEFAULT NULL,
  `updated_at` timestamp NULL DEFAULT NULL
) ENGINE=InnoDB DEFAULT CHARSET=utf8mb4 COLLATE=utf8mb4_unicode_ci;

--
-- Dumping data for table `products`
--

INSERT INTO `products` (`id`, `name`, `detail`, `price`, `stock`, `discount`, `created_at`, `updated_at`) VALUES
(1, 'molestiae', 'Commodi dolore sed sit magni non et. Accusantium id deserunt nulla voluptate perspiciatis sed nesciunt aut. Ratione veritatis tenetur et possimus quidem ex.', 719, 6931, 14, '2019-08-18 18:53:24', '2019-08-18 18:53:24'),
(2, 'deserunt', 'Est corporis ducimus nam expedita nihil aliquid maxime. Dolores eligendi rerum est et fugit quia fugit.', 339, 8096, 22, '2019-08-18 18:53:24', '2019-08-18 18:53:24'),
(3, 'consequuntur', 'Quisquam est asperiores voluptatem cumque. Officia eveniet iusto similique quo molestiae. Harum veritatis dolore consequuntur consequatur. In ut neque unde blanditiis reprehenderit quos.', 609, 3945, 7, '2019-08-18 18:53:24', '2019-08-18 18:53:24'),
(4, 'sed', 'Et qui nemo reiciendis ea quas quo quisquam. Non ut molestiae voluptas vitae maxime. Ea quia dolorum occaecati voluptatem. Perspiciatis quo odit porro autem maiores suscipit.', 638, 4779, 25, '2019-08-18 18:53:24', '2019-08-18 18:53:24'),
(5, 'libero', 'Quibusdam nesciunt laboriosam nam fugit iure laborum qui. Deserunt labore consequuntur qui et porro dignissimos. Omnis sit minus accusamus et sit ut quia et.', 560, 7553, 19, '2019-08-18 18:53:24', '2019-08-18 18:53:24'),
(6, 'exercitationem', 'Sit numquam placeat quidem maiores impedit assumenda. Eaque laboriosam voluptates reiciendis et. Harum autem facilis quidem eum accusamus adipisci. Rerum quisquam exercitationem autem cupiditate.', 621, 1927, 12, '2019-08-18 18:53:24', '2019-08-18 18:53:24'),
(7, 'quibusdam', 'Iste hic incidunt dolores possimus. Voluptates et sint laboriosam tempora reprehenderit alias unde nihil.', 296, 7896, 12, '2019-08-18 18:53:24', '2019-08-18 18:53:24'),
(8, 'numquam', 'Vitae ut consequatur labore id adipisci. Velit expedita est pariatur quas sit quae.', 546, 5601, 5, '2019-08-18 18:53:24', '2019-08-18 18:53:24'),
(9, 'impedit', 'Non quae aut voluptatem numquam. Fuga quos sequi praesentium sequi. Aut est non nobis omnis occaecati quas assumenda.', 460, 3783, 26, '2019-08-18 18:53:24', '2019-08-18 18:53:24'),
(10, 'laborum', 'Consectetur neque consequatur eveniet sed facilis modi dolorem itaque. Mollitia rerum quae iusto. In quod quas dolor molestiae ad voluptate dolorem omnis. Quos odio aspernatur dicta ut.', 119, 8333, 23, '2019-08-18 18:53:24', '2019-08-18 18:53:24'),
(11, 'laudantium', 'Beatae dignissimos dolorem doloribus aspernatur sunt. Fugiat ab praesentium delectus eum quo. Iure consequatur officia natus incidunt et voluptatem.', 166, 7067, 12, '2019-08-18 18:53:24', '2019-08-18 18:53:24'),
(12, 'cupiditate', 'Veniam qui temporibus quibusdam nemo quos eaque assumenda voluptates. Eius omnis eaque tenetur doloremque. Non est aspernatur magni ab omnis omnis.', 776, 1563, 16, '2019-08-18 18:53:24', '2019-08-18 18:53:24'),
(13, 'qui', 'Accusamus quam ut libero saepe vero quis delectus. Perspiciatis tempore architecto reprehenderit cupiditate iste. Explicabo pariatur sapiente modi consequuntur autem. Placeat sint dignissimos animi consectetur dolore.', 876, 7482, 7, '2019-08-18 18:53:24', '2019-08-18 18:53:24'),
(14, 'delectus', 'Consequuntur vel in magni impedit facere expedita. Veritatis veniam explicabo sint temporibus sit recusandae. Et rem quod aut dolorem rerum temporibus.', 678, 2452, 30, '2019-08-18 18:53:24', '2019-08-18 18:53:24'),
(15, 'perferendis', 'Vitae autem repudiandae laboriosam corporis hic. Facere laborum praesentium aut velit est. Suscipit voluptates tempore quas aut sunt minima.', 305, 4003, 23, '2019-08-18 18:53:24', '2019-08-18 18:53:24'),
(16, 'corporis', 'Deleniti voluptates quia assumenda et. Rerum qui corporis enim libero sint. Ut rem pariatur quas ut ipsam expedita. Ut quos quisquam at aut eligendi molestiae molestias quia.', 187, 8671, 23, '2019-08-18 18:53:24', '2019-08-18 18:53:24'),
(17, 'ut', 'Voluptates optio consectetur qui vel qui deleniti ullam quod. Modi et praesentium sapiente deleniti.', 766, 2561, 25, '2019-08-18 18:53:24', '2019-08-18 18:53:24'),
(18, 'maxime', 'Recusandae in rem iure ut ad cumque. Et sapiente pariatur esse consequatur magnam.', 113, 3663, 27, '2019-08-18 18:53:24', '2019-08-18 18:53:24'),
(19, 'ea', 'Et sunt aut earum qui vitae. Alias commodi illum consequuntur et similique dolor. Dolores deleniti voluptatem suscipit aut maxime. Atque consequatur necessitatibus omnis vero ducimus.', 547, 6063, 17, '2019-08-18 18:53:24', '2019-08-18 18:53:24'),
(20, 'optio', 'Nemo quia ut pariatur. Nisi est ea sed nam dolores. Qui rem qui et voluptatem. Possimus nam et eum est modi vero. Similique accusamus recusandae saepe atque et.', 707, 6353, 25, '2019-08-18 18:53:24', '2019-08-18 18:53:24'),
(21, 'qui', 'Perspiciatis mollitia inventore porro nulla alias debitis non. Harum impedit id fugit facere. Rerum voluptatem qui debitis ut doloribus rerum enim.', 784, 4572, 8, '2019-08-18 18:53:24', '2019-08-18 18:53:24'),
(22, 'aut', 'Vel quos laborum dolor qui doloremque. Nihil natus quia est atque ut. Dolorem nesciunt qui illo distinctio laboriosam. Illo quia nobis ut deleniti odio qui.', 395, 3114, 13, '2019-08-18 18:53:25', '2019-08-18 18:53:25'),
(23, 'fugit', 'Consequatur officia explicabo veniam blanditiis voluptatem voluptates. Suscipit sunt hic dolores adipisci repellat atque. Error explicabo accusamus laborum dolor quidem esse.', 558, 8929, 15, '2019-08-18 18:53:25', '2019-08-18 18:53:25'),
(24, 'sint', 'Ut sit voluptate ducimus similique rerum dolorem. Ut iste et officia magni soluta molestiae tenetur. Commodi ut enim consectetur maxime mollitia optio.', 519, 5898, 9, '2019-08-18 18:53:25', '2019-08-18 18:53:25'),
(25, 'quaerat', 'Repudiandae aut itaque doloremque consectetur omnis. Voluptatum totam ea sunt ut omnis quibusdam. Expedita eum quae ex blanditiis.', 353, 5167, 16, '2019-08-18 18:53:25', '2019-08-18 18:53:25'),
(26, 'dicta', 'Vel sequi laudantium laboriosam aut voluptatum. Non error deleniti eum eligendi velit ab et. Qui vel qui voluptatem.', 411, 2064, 8, '2019-08-18 18:53:25', '2019-08-18 18:53:25'),
(27, 'velit', 'Nobis iste sed voluptas laboriosam ea. Temporibus quaerat illum dolor molestias quia aut dicta qui. Accusantium quibusdam rerum minus deleniti temporibus. Soluta consequatur soluta et ea omnis veritatis enim.', 123, 7573, 18, '2019-08-18 18:53:25', '2019-08-18 18:53:25'),
(28, 'eveniet', 'Voluptatem itaque voluptate doloremque repellendus nesciunt. Labore qui et natus voluptatem velit.', 374, 5477, 8, '2019-08-18 18:53:25', '2019-08-18 18:53:25'),
(29, 'non', 'Rem atque sit et mollitia laborum. Tempora eaque sunt qui tempore sed et. Eos cumque numquam et ad magni.', 803, 5535, 14, '2019-08-18 18:53:25', '2019-08-18 18:53:25'),
(30, 'quia', 'Non error numquam animi autem consequatur rerum numquam fuga. Quaerat ut accusamus est est quia. Quod dignissimos optio nesciunt ea. Eligendi architecto autem ut optio.', 833, 5961, 18, '2019-08-18 18:53:25', '2019-08-18 18:53:25'),
(31, 'et', 'Laborum voluptas praesentium placeat earum. Sit et ea minima. Sit eaque neque sapiente autem molestiae omnis. Occaecati iste et voluptas dolor in hic quis.', 803, 8058, 22, '2019-08-18 18:53:25', '2019-08-18 18:53:25'),
(32, 'officiis', 'Esse explicabo facere quia soluta. Animi et dolorem eius qui qui sed veniam. Et blanditiis voluptas ea et facere.', 800, 7355, 8, '2019-08-18 18:53:25', '2019-08-18 18:53:25'),
(33, 'et', 'Voluptates quas architecto placeat error magni repudiandae voluptatem. Ad quae molestiae sit nihil vel enim. Laudantium non repudiandae impedit impedit ut non error.', 329, 3141, 26, '2019-08-18 18:53:25', '2019-08-18 18:53:25'),
(34, 'nam', 'Autem aut temporibus rerum nihil. Maxime quae tempora cum accusamus ut dolore nam. In minima beatae explicabo eos sit.', 858, 6624, 10, '2019-08-18 18:53:25', '2019-08-18 18:53:25'),
(35, 'dolorum', 'Voluptatem quo beatae explicabo est cum voluptas error. Et occaecati aut eligendi perferendis itaque dignissimos.', 178, 2438, 10, '2019-08-18 18:53:25', '2019-08-18 18:53:25'),
(36, 'et', 'Est ut facilis aperiam ea. Veniam laudantium aut qui quam doloribus quia in vel. Rerum eaque unde nulla.', 149, 2543, 19, '2019-08-18 18:53:25', '2019-08-18 18:53:25'),
(37, 'quia', 'Est quibusdam eum id aut nihil. Velit vero blanditiis laborum nesciunt rem pariatur in. Et ut placeat earum unde laboriosam quae. Sequi impedit a repellat alias voluptatem eaque nesciunt.', 634, 7604, 14, '2019-08-18 18:53:25', '2019-08-18 18:53:25'),
(38, 'dolor', 'Sunt sed quas rem dolor. Vel saepe et ducimus in sint atque quis. Et numquam quia rerum qui ut sunt aut et. Dolorem possimus aut itaque et laboriosam ducimus.', 523, 1268, 25, '2019-08-18 18:53:25', '2019-08-18 18:53:25'),
(39, 'laboriosam', 'Quia perferendis officia error qui qui laborum necessitatibus. Mollitia est explicabo quisquam dolorum. Rerum et est consequatur quo.', 441, 5725, 10, '2019-08-18 18:53:25', '2019-08-18 18:53:25'),
(40, 'ex', 'Voluptate tempora ipsa a eum laboriosam. Accusamus enim incidunt consequatur maiores qui et. Sunt rerum accusantium et deserunt beatae. Aut magnam veritatis a reiciendis at delectus mollitia.', 482, 5281, 23, '2019-08-18 18:53:25', '2019-08-18 18:53:25'),
(41, 'sint', 'Et molestiae reprehenderit amet. Est illo et quo ducimus dolores. Qui aut aut illum aperiam non impedit quia. Et eos voluptatem non ut voluptates qui animi.', 356, 2730, 5, '2019-08-18 18:53:25', '2019-08-18 18:53:25'),
(42, 'molestiae', 'Et excepturi mollitia quas praesentium perferendis alias. Sed beatae eligendi nobis sint est accusamus quo recusandae. Quae assumenda minus vitae saepe quibusdam quisquam hic.', 439, 3636, 7, '2019-08-18 18:53:25', '2019-08-18 18:53:25'),
(43, 'adipisci', 'Et quos aut laborum debitis cumque beatae quaerat. Nihil impedit quos error est aperiam. Veniam sed enim tenetur placeat ipsa itaque dolore. Quaerat fugiat iure voluptatem sit ducimus.', 241, 7742, 24, '2019-08-18 18:53:25', '2019-08-18 18:53:25'),
(44, 'eos', 'Perspiciatis dolorem totam saepe consequatur aut adipisci. Quia quo tenetur et illum eveniet. Omnis mollitia fugiat tempora ut qui.', 802, 1184, 23, '2019-08-18 18:53:25', '2019-08-18 18:53:25'),
(45, 'sequi', 'Et tempore accusantium voluptatum sapiente mollitia sit enim. Sunt voluptas culpa ipsum mollitia tenetur doloribus. Assumenda ipsum qui ut excepturi similique.', 140, 7463, 9, '2019-08-18 18:53:25', '2019-08-18 18:53:25'),
(46, 'qui', 'Illo adipisci quia qui beatae non consequatur. Voluptatibus et et autem qui esse quia quia. Dolorem doloribus rerum doloremque est. Ut voluptas quas maxime sed alias excepturi. Magnam quod iure cupiditate est accusamus odit.', 340, 5925, 9, '2019-08-18 18:53:25', '2019-08-18 18:53:25'),
(47, 'vel', 'Saepe sunt sunt doloremque. Quia quos debitis eos eaque. Voluptatum pariatur neque qui qui quidem alias maiores consequuntur.', 812, 2743, 8, '2019-08-18 18:53:25', '2019-08-18 18:53:25'),
(48, 'soluta', 'Id impedit adipisci ipsam inventore dolor alias minus corrupti. Nihil aut sequi officia consequatur voluptatem placeat ratione. Excepturi asperiores architecto quia at suscipit.', 688, 7829, 27, '2019-08-18 18:53:26', '2019-08-18 18:53:26'),
(49, 'eligendi', 'Iusto molestiae omnis enim. Perspiciatis sequi reprehenderit quidem consequatur sint natus consequatur. Adipisci vero cupiditate nulla voluptate.', 703, 2265, 25, '2019-08-18 18:53:26', '2019-08-18 18:53:26'),
(50, 'ad', 'Quia mollitia repellat impedit accusantium et velit. Enim aut debitis temporibus inventore id est. Minus iure impedit minima et enim. Enim aut maiores voluptas.', 291, 8133, 15, '2019-08-18 18:53:26', '2019-08-18 18:53:26');

-- --------------------------------------------------------

--
-- Table structure for table `reviews`
--

CREATE TABLE `reviews` (
  `id` bigint(20) UNSIGNED NOT NULL,
  `product_id` bigint(20) UNSIGNED NOT NULL,
  `customer` varchar(255) COLLATE utf8mb4_unicode_ci NOT NULL,
  `review` text COLLATE utf8mb4_unicode_ci NOT NULL,
  `star` int(11) NOT NULL,
  `created_at` timestamp NULL DEFAULT NULL,
  `updated_at` timestamp NULL DEFAULT NULL
) ENGINE=InnoDB DEFAULT CHARSET=utf8mb4 COLLATE=utf8mb4_unicode_ci;

--
-- Dumping data for table `reviews`
--

INSERT INTO `reviews` (`id`, `product_id`, `customer`, `review`, `star`, `created_at`, `updated_at`) VALUES
(1, 17, 'sed', 'Aspernatur voluptatem earum illo officia praesentium. Non at repellat ipsam odit. Doloribus maiores et quam accusamus atque quos nisi ut.', 5, '2019-08-18 18:53:26', '2019-08-18 18:53:26'),
(2, 19, 'aut', 'Tempora earum aspernatur omnis eos nihil quidem autem. Quod earum ex laudantium molestiae molestias labore at.', 1, '2019-08-18 18:53:26', '2019-08-18 18:53:26'),
(3, 35, 'qui', 'Accusantium sunt autem aut qui earum quia iure. Facere natus facilis sunt aut quia consequatur. Soluta quo et voluptatibus sit est minus.', 0, '2019-08-18 18:53:26', '2019-08-18 18:53:26'),
(4, 25, 'quia', 'Maiores perspiciatis aspernatur nihil cum sint. At placeat eos voluptates. Est ab libero voluptas hic omnis deleniti esse. Voluptatem qui quo rem amet.', 2, '2019-08-18 18:53:26', '2019-08-18 18:53:26'),
(5, 44, 'non', 'Deserunt officiis atque consequatur quis. Odit ullam laboriosam quaerat quam. Necessitatibus sint placeat numquam saepe sunt. Illum qui et minima sunt eos laborum velit magni.', 3, '2019-08-18 18:53:26', '2019-08-18 18:53:26'),
(6, 16, 'possimus', 'Qui sed odio enim nesciunt explicabo delectus. Ea harum expedita tempora iusto optio ipsa voluptate. Laudantium cum fugit non deleniti. Dolor mollitia quia earum dignissimos aut. Veniam ducimus nihil architecto.', 4, '2019-08-18 18:53:26', '2019-08-18 18:53:26'),
(7, 14, 'rerum', 'Sequi dolores ducimus voluptatem ut repellat. Quo perferendis sequi aliquid.', 0, '2019-08-18 18:53:26', '2019-08-18 18:53:26'),
(8, 48, 'vel', 'Temporibus et blanditiis nesciunt culpa reiciendis aliquid. Sint ipsa consequatur est deserunt.', 2, '2019-08-18 18:53:26', '2019-08-18 18:53:26'),
(9, 41, 'dignissimos', 'Hic quis velit rerum eum enim. Autem magni aut molestiae eveniet praesentium non nemo nisi. Quae voluptas soluta cupiditate nihil eum.', 0, '2019-08-18 18:53:26', '2019-08-18 18:53:26'),
(10, 8, 'possimus', 'Nesciunt repellendus praesentium vel voluptatibus sapiente ad. Nihil iusto qui minima dolorem inventore.', 0, '2019-08-18 18:53:26', '2019-08-18 18:53:26'),
(11, 31, 'incidunt', 'Ex ea ducimus cumque sapiente dolorem qui doloremque. Dolorem delectus reiciendis necessitatibus expedita et assumenda nostrum. Et laudantium perspiciatis rerum.', 1, '2019-08-18 18:53:26', '2019-08-18 18:53:26'),
(12, 44, 'a', 'Molestias tenetur alias corrupti sit corporis voluptatum illo expedita. Distinctio reiciendis nostrum natus nobis vero id.', 1, '2019-08-18 18:53:27', '2019-08-18 18:53:27'),
(13, 38, 'aspernatur', 'Vero cumque quaerat omnis cupiditate cupiditate praesentium nisi. Occaecati vero error sequi. Dolorum corporis sint amet qui reprehenderit quod illum doloremque. Expedita magnam doloribus minima nihil.', 0, '2019-08-18 18:53:27', '2019-08-18 18:53:27'),
(14, 46, 'consequatur', 'Ea cum suscipit illum commodi. Qui adipisci sed explicabo qui perferendis ea quibusdam. Temporibus repellat sequi quia a aspernatur velit blanditiis.', 4, '2019-08-18 18:53:27', '2019-08-18 18:53:27'),
(15, 28, 'in', 'Exercitationem placeat error atque officia fuga. Ut dolore facilis labore ut ad esse et. Ipsa provident consequatur doloribus tempore suscipit. Sed aut molestias minus voluptatum.', 3, '2019-08-18 18:53:27', '2019-08-18 18:53:27'),
(16, 43, 'hic', 'Ipsum ex minima minima est recusandae dolores. Odit mollitia adipisci debitis consequatur facilis. Ut vitae consequatur incidunt commodi incidunt accusamus. Consequatur ducimus ipsam praesentium ipsum dolor aut dolores.', 3, '2019-08-18 18:53:27', '2019-08-18 18:53:27'),
(17, 6, 'libero', 'Consectetur corporis blanditiis quia totam voluptatum quo laudantium est. Fugiat repellat quam consequatur dolore. Tenetur ea et quas sapiente dolore sunt. Nobis recusandae quaerat sed ipsam.', 5, '2019-08-18 18:53:27', '2019-08-18 18:53:27'),
(18, 39, 'quis', 'Vel placeat nobis id perferendis. Soluta error provident itaque quos molestias accusamus. Sed quisquam qui est labore ducimus vitae. Exercitationem doloribus est aut iste assumenda odit tenetur. Consectetur aut dolorem illo autem necessitatibus voluptatem.', 5, '2019-08-18 18:53:27', '2019-08-18 18:53:27'),
(19, 15, 'rem', 'Quos et rerum qui fuga alias aut reprehenderit. Sed vel ipsum repellendus mollitia culpa et expedita sit. Suscipit quis voluptatem deserunt quia ut.', 5, '2019-08-18 18:53:27', '2019-08-18 18:53:27'),
(20, 49, 'cumque', 'Consectetur consequatur et eos consectetur soluta porro. Ab inventore ut cumque itaque magni. Sed cupiditate quis ducimus occaecati possimus qui.', 2, '2019-08-18 18:53:27', '2019-08-18 18:53:27'),
(21, 50, 'aut', 'Consequuntur ullam ipsa veniam unde enim. Eius aut nam quis libero quis.', 5, '2019-08-18 18:53:27', '2019-08-18 18:53:27'),
(22, 18, 'voluptate', 'Iusto eos amet vitae asperiores velit qui dolor. Dolorem quia sit sunt occaecati autem. Sed aspernatur dolorum architecto recusandae.', 0, '2019-08-18 18:53:27', '2019-08-18 18:53:27'),
(23, 25, 'nobis', 'Eum nam facere modi dolor sunt cupiditate voluptatem. Perferendis ut praesentium quaerat explicabo perspiciatis. Harum quaerat nostrum est optio.', 1, '2019-08-18 18:53:27', '2019-08-18 18:53:27'),
(24, 46, 'iure', 'Sunt quam non repellat quod. Aut explicabo quod eligendi. Est dicta reiciendis dignissimos explicabo laboriosam consequatur. Sunt qui iure vero quis. Eos cumque voluptatum consequatur.', 2, '2019-08-18 18:53:27', '2019-08-18 18:53:27'),
(25, 46, 'consequatur', 'Minus molestias magni autem libero tenetur est consequatur. Sed quos alias rerum ex ut. Quam fugit ratione eaque. Accusamus eaque exercitationem amet consequatur molestias accusantium.', 4, '2019-08-18 18:53:27', '2019-08-18 18:53:27'),
(26, 21, 'molestiae', 'Similique facere voluptate est repellendus exercitationem voluptatum ea. Dolore maiores voluptatem ab quia porro. Tenetur ratione tenetur nostrum aut et.', 0, '2019-08-18 18:53:27', '2019-08-18 18:53:27'),
(27, 10, 'non', 'Et recusandae et quisquam iure deserunt omnis. Voluptates aut non quis at numquam recusandae. Fuga repudiandae quam voluptatibus perferendis est esse modi.', 2, '2019-08-18 18:53:27', '2019-08-18 18:53:27'),
(28, 33, 'iure', 'Recusandae quia et corporis nihil. Ipsam quidem voluptate omnis ea excepturi iusto atque. Possimus neque blanditiis ut porro rem. Ut non error nihil ducimus.', 4, '2019-08-18 18:53:27', '2019-08-18 18:53:27'),
(29, 39, 'et', 'Ipsum quidem provident vitae officiis minima incidunt. Magnam recusandae rem id. Et optio qui cupiditate ut consequatur sed. Provident autem itaque explicabo alias facilis sint rerum.', 2, '2019-08-18 18:53:27', '2019-08-18 18:53:27'),
(30, 6, 'et', 'Minima ut cupiditate est vero voluptatem. Sint quia ducimus rerum voluptatem alias. Optio autem ipsum qui dolor voluptas officiis.', 2, '2019-08-18 18:53:27', '2019-08-18 18:53:27'),
(31, 5, 'amet', 'Ratione quis porro commodi distinctio qui dolorum. Odio alias voluptas qui. Earum eum rem praesentium explicabo. Qui voluptatem incidunt dignissimos eum nobis.', 4, '2019-08-18 18:53:27', '2019-08-18 18:53:27'),
(32, 9, 'ut', 'Quos magni illum voluptatibus voluptatem dolorem repudiandae quam quaerat. Numquam explicabo corrupti et excepturi voluptas. Voluptates ut at quo. Cupiditate et illum architecto veniam.', 3, '2019-08-18 18:53:27', '2019-08-18 18:53:27'),
(33, 21, 'laboriosam', 'Officiis sit minima quasi vitae laborum. Praesentium ex rem in porro. Et perferendis vero quam ut deserunt. Laboriosam adipisci nostrum cupiditate ipsum maiores sint reprehenderit.', 0, '2019-08-18 18:53:27', '2019-08-18 18:53:27'),
(34, 39, 'tempora', 'Vitae et fugiat inventore consequuntur nam non. Cum expedita dolores quod doloribus veritatis libero. Et esse sunt est sunt est maiores.', 3, '2019-08-18 18:53:28', '2019-08-18 18:53:28'),
(35, 22, 'commodi', 'Facere dolorem sint animi totam in in. Est pariatur enim velit. Sed sequi accusantium debitis sapiente eveniet quia. Qui eligendi sunt qui.', 0, '2019-08-18 18:53:28', '2019-08-18 18:53:28'),
(36, 11, 'et', 'Omnis nisi ipsam nemo in sint et maxime. Quo praesentium qui eos ex non ipsa. Aperiam odio nemo quas tempore exercitationem.', 0, '2019-08-18 18:53:28', '2019-08-18 18:53:28'),
(37, 25, 'similique', 'Voluptates minus sed non incidunt. Ut ut soluta et. Qui voluptatem accusantium velit aut debitis.', 0, '2019-08-18 18:53:28', '2019-08-18 18:53:28'),
(38, 42, 'voluptatem', 'Molestiae voluptatem nisi tempora aut rerum. Nisi cumque sed nostrum consequuntur distinctio quos quia rerum.', 1, '2019-08-18 18:53:28', '2019-08-18 18:53:28'),
(39, 45, 'perferendis', 'Quam nihil deserunt mollitia amet tempore laboriosam. At asperiores labore dolores dolorem iusto ullam. Eligendi neque expedita et reprehenderit. Nihil quasi perspiciatis nihil nesciunt enim repudiandae ipsa.', 3, '2019-08-18 18:53:28', '2019-08-18 18:53:28'),
(40, 44, 'quidem', 'Delectus et magni perferendis. Occaecati eum sequi sed minus et aliquam. Voluptatem non provident et sequi unde quo quod ipsam. Magnam ut omnis voluptas eos et.', 1, '2019-08-18 18:53:28', '2019-08-18 18:53:28'),
(41, 27, 'est', 'Recusandae aspernatur architecto voluptatem corporis est deleniti. Dolores dicta perspiciatis unde minus. Asperiores totam perspiciatis dolorum sint. Autem consequatur incidunt quibusdam autem.', 2, '2019-08-18 18:53:28', '2019-08-18 18:53:28'),
(42, 29, 'dolor', 'Ab eum mollitia dolorem voluptatem aut. Deleniti distinctio repellat odio velit minima et. Placeat possimus est dolorem est sed quidem officiis.', 3, '2019-08-18 18:53:28', '2019-08-18 18:53:28'),
(43, 31, 'consequatur', 'Quae ex rerum quae beatae tempora. Ea quia tempore aut quia voluptatem similique tempore doloremque. Commodi odio fugiat aliquid velit repellendus non. Ipsa et molestiae debitis debitis.', 3, '2019-08-18 18:53:28', '2019-08-18 18:53:28'),
(44, 46, 'asperiores', 'Dolorum necessitatibus iusto qui ea nulla. Qui aut eveniet corrupti placeat nihil. Laborum dolores quod quidem iusto. Hic voluptates dolores corporis.', 2, '2019-08-18 18:53:28', '2019-08-18 18:53:28'),
(45, 36, 'non', 'Ut eos dolore nesciunt dicta eligendi minima. Voluptas laboriosam est temporibus error placeat. Facilis et molestiae incidunt veniam. Et ipsum possimus voluptatem sint quae esse.', 0, '2019-08-18 18:53:28', '2019-08-18 18:53:28'),
(46, 25, 'laudantium', 'Facere rerum voluptatem blanditiis maiores nam qui eius. Corporis ad corporis commodi et. Inventore voluptas dolor aut quis odio nihil. Est atque est sed laboriosam.', 0, '2019-08-18 18:53:28', '2019-08-18 18:53:28'),
(47, 27, 'facere', 'Eaque dolor accusamus est autem sit earum. Occaecati possimus officiis sint harum aut. Vero consectetur sunt sit ex et fugiat praesentium. Voluptas labore recusandae ut occaecati. Commodi qui quae quae cum aut.', 2, '2019-08-18 18:53:28', '2019-08-18 18:53:28'),
(48, 22, 'veritatis', 'Qui dolore autem blanditiis quae neque eum. Aut distinctio vel deleniti nemo. Ut iusto saepe quod voluptas officiis repellat quia.', 3, '2019-08-18 18:53:28', '2019-08-18 18:53:28'),
(49, 30, 'eaque', 'At doloribus est quasi omnis culpa. Rerum quo in aut eos sit expedita. Aut optio soluta ut ex ut quia aut.', 0, '2019-08-18 18:53:28', '2019-08-18 18:53:28'),
(50, 49, 'aliquam', 'Assumenda officia eveniet non labore earum explicabo voluptas. Commodi explicabo alias nam ipsam voluptatem sint. Error doloremque dolor vel a et.', 1, '2019-08-18 18:53:28', '2019-08-18 18:53:28'),
(51, 15, 'eos', 'Ducimus porro est libero error. Quia maiores impedit tempora vel et provident cumque. Dignissimos tempora quas adipisci omnis incidunt tempore modi minima.', 0, '2019-08-18 18:53:28', '2019-08-18 18:53:28'),
(52, 17, 'harum', 'Nesciunt dolorem laboriosam hic eligendi et veritatis aliquid. Blanditiis et sed fugit quia. Sunt ab voluptas sint est tempora nostrum dolores. Nulla consectetur voluptatem reprehenderit eos et maxime nesciunt.', 2, '2019-08-18 18:53:28', '2019-08-18 18:53:28'),
(53, 15, 'ratione', 'Animi laudantium fugit ducimus voluptatem reprehenderit rerum nihil. Nostrum amet iusto corporis enim voluptatem qui. Rerum voluptatibus quibusdam atque consequatur et velit laboriosam. Quis quidem et temporibus excepturi beatae.', 2, '2019-08-18 18:53:28', '2019-08-18 18:53:28'),
(54, 13, 'libero', 'Ad qui ut aut ut. Qui qui provident rerum quaerat. Reprehenderit quae exercitationem et dolorum modi eum.', 4, '2019-08-18 18:53:28', '2019-08-18 18:53:28'),
(55, 28, 'aliquid', 'Doloremque reiciendis quibusdam iusto qui at commodi. Sequi consequuntur similique accusantium nesciunt possimus natus. Dolorem eveniet optio et a consequuntur molestiae.', 5, '2019-08-18 18:53:28', '2019-08-18 18:53:28'),
(56, 18, 'maxime', 'Et et aut eos aut tempora. Placeat omnis dolorem nemo velit aliquam est. Et saepe quos fugiat fugit et voluptas nostrum.', 2, '2019-08-18 18:53:28', '2019-08-18 18:53:28'),
(57, 46, 'nobis', 'Voluptatibus quis quo hic molestiae nihil. Numquam ut qui inventore soluta. Saepe magni expedita accusantium. Molestiae est voluptas vel omnis eius aut deleniti.', 1, '2019-08-18 18:53:29', '2019-08-18 18:53:29'),
(58, 42, 'eos', 'Aut dolorum vel officia et eos delectus deserunt quae. Aut et atque neque a sint rerum rem. Repellendus repellendus voluptatum voluptatem ut eum itaque nulla.', 4, '2019-08-18 18:53:29', '2019-08-18 18:53:29'),
(59, 46, 'ut', 'Voluptas saepe quos ipsa aspernatur. Id qui temporibus est quidem aspernatur.', 5, '2019-08-18 18:53:29', '2019-08-18 18:53:29'),
(60, 43, 'temporibus', 'Ex est et id perspiciatis sint omnis enim. Ut sit illum laboriosam architecto. Perspiciatis libero aut tenetur est.', 1, '2019-08-18 18:53:29', '2019-08-18 18:53:29'),
(61, 15, 'autem', 'Cupiditate commodi nisi quae dolorum. Officiis cumque modi omnis voluptates. Ipsam aliquid eligendi animi et id doloribus. Modi eligendi velit consequatur reiciendis quia veritatis. Dolores animi sed quia dolores.', 3, '2019-08-18 18:53:29', '2019-08-18 18:53:29'),
(62, 5, 'reprehenderit', 'Nihil nisi ab libero fuga corporis non ducimus. Dolor quidem molestias delectus nihil eum. Accusamus similique tenetur vero iusto voluptatem. Nihil facere in asperiores adipisci saepe dolorem necessitatibus.', 0, '2019-08-18 18:53:29', '2019-08-18 18:53:29'),
(63, 33, 'neque', 'Eos dolorem doloremque suscipit praesentium ratione ipsam. Deleniti aut voluptatem veritatis id sit aspernatur et. Architecto omnis aut animi maiores iusto. Amet dignissimos non unde sed velit explicabo.', 5, '2019-08-18 18:53:29', '2019-08-18 18:53:29'),
(64, 41, 'expedita', 'Voluptate quasi dicta nulla eligendi. Cumque commodi omnis assumenda sequi nihil ut.', 1, '2019-08-18 18:53:29', '2019-08-18 18:53:29'),
(65, 17, 'nihil', 'Illum qui accusantium velit non. Quia rerum magnam consequatur nulla quia enim in. Ea impedit aut fugiat quaerat provident.', 2, '2019-08-18 18:53:29', '2019-08-18 18:53:29'),
(66, 34, 'debitis', 'Sit autem vero repellat. Sunt accusamus rem quia quis atque dolor aspernatur. Sint sed debitis rerum nihil aperiam nihil.', 4, '2019-08-18 18:53:29', '2019-08-18 18:53:29'),
(67, 49, 'eos', 'Ut culpa cum velit et. Porro ut libero tempore eveniet error dolores et. Quia natus labore ut.', 1, '2019-08-18 18:53:29', '2019-08-18 18:53:29'),
(68, 9, 'qui', 'Iusto tempore natus ut eum ut vel. Consectetur sed error doloremque. Nobis non laboriosam ea a.', 1, '2019-08-18 18:53:29', '2019-08-18 18:53:29'),
(69, 17, 'sunt', 'Qui culpa dolorum quaerat. Voluptas ducimus amet accusantium nam dolor et cumque. Sapiente dolores fuga sint veniam quo libero.', 5, '2019-08-18 18:53:29', '2019-08-18 18:53:29'),
(70, 22, 'eos', 'Sed animi veritatis et sed ducimus voluptas maiores voluptatibus. Vero totam blanditiis facilis temporibus accusamus odio. Pariatur possimus esse ab autem. Soluta explicabo eveniet eligendi veniam occaecati similique qui.', 2, '2019-08-18 18:53:29', '2019-08-18 18:53:29'),
(71, 34, 'libero', 'Repudiandae excepturi quo quas distinctio eligendi earum nobis. Totam sunt sunt vel vel nemo. Blanditiis et ut dicta ut rerum non cupiditate.', 3, '2019-08-18 18:53:29', '2019-08-18 18:53:29'),
(72, 48, 'nihil', 'Earum qui ea ratione sed ut. Excepturi qui voluptatum quia sunt. Veritatis itaque sed culpa consequuntur et. Aut minus esse porro vitae dolorum quia.', 5, '2019-08-18 18:53:29', '2019-08-18 18:53:29'),
(73, 3, 'nostrum', 'Est voluptatem accusamus dignissimos aut. Eius est tempore ratione ipsam molestiae. Exercitationem et est repellendus.', 5, '2019-08-18 18:53:29', '2019-08-18 18:53:29'),
(74, 19, 'magnam', 'Consequatur blanditiis odio inventore dolorem tempore. Odio dolorem et autem dolorem nihil deserunt. Dicta recusandae nobis aspernatur odit libero unde ut.', 0, '2019-08-18 18:53:29', '2019-08-18 18:53:29'),
(75, 31, 'cupiditate', 'Voluptas explicabo eligendi tenetur magni. Odit quis nostrum quo nihil ut id. Dolorem non doloribus non recusandae assumenda.', 0, '2019-08-18 18:53:29', '2019-08-18 18:53:29'),
(76, 33, 'repudiandae', 'Placeat deserunt eum voluptatem nam corporis. Aperiam unde saepe sunt tempora dolores quae est ut. Est exercitationem optio illo quia alias dolores voluptatum.', 1, '2019-08-18 18:53:29', '2019-08-18 18:53:29'),
(77, 12, 'et', 'Et aspernatur suscipit voluptas voluptate laudantium architecto. Rem suscipit rerum autem. Perspiciatis nesciunt minima neque excepturi est corporis. Aut et iusto facere voluptatibus.', 5, '2019-08-18 18:53:29', '2019-08-18 18:53:29'),
(78, 24, 'et', 'Et rerum numquam minima quod soluta est quasi. Non voluptas voluptas ad minus aut omnis exercitationem.', 5, '2019-08-18 18:53:30', '2019-08-18 18:53:30'),
(79, 37, 'quas', 'Minima commodi rerum eaque et delectus eos. Vero excepturi sapiente sapiente nesciunt ut. Eius enim placeat sit est nisi.', 5, '2019-08-18 18:53:30', '2019-08-18 18:53:30'),
(80, 29, 'aut', 'Occaecati qui quia ut aperiam quos. Est natus nesciunt est laudantium voluptas quia ea. Quos ullam qui porro est consequatur quo veritatis quo. Modi fugit sint eum esse.', 3, '2019-08-18 18:53:30', '2019-08-18 18:53:30'),
(81, 50, 'libero', 'Voluptatem et molestiae expedita nihil dolores nemo. In eos incidunt rerum et sint veritatis rerum. Illo ut omnis saepe autem omnis aut qui ipsa. Voluptatem et non aliquid sit corrupti facilis qui.', 3, '2019-08-18 18:53:30', '2019-08-18 18:53:30'),
(82, 22, 'magnam', 'Cum occaecati delectus unde corrupti nobis labore. Minima beatae dolor veritatis dolorem repellat. Non magni sit id similique rem reiciendis alias molestiae. Et et et rerum alias magnam id voluptatem. Ea quas architecto enim earum non.', 1, '2019-08-18 18:53:30', '2019-08-18 18:53:30'),
(83, 45, 'eveniet', 'Iste voluptate voluptatem atque nam libero. Et sed hic expedita omnis. Sequi eius minima quasi asperiores. Quaerat eius velit accusamus quasi quod officiis.', 5, '2019-08-18 18:53:30', '2019-08-18 18:53:30'),
(84, 12, 'et', 'Est repellendus eligendi repudiandae voluptatum ipsam. Veniam eius asperiores qui. Et consequuntur eligendi voluptatem numquam dignissimos voluptatem tempora.', 2, '2019-08-18 18:53:30', '2019-08-18 18:53:30'),
(85, 15, 'quis', 'Consectetur voluptatem totam debitis exercitationem fugit labore dolores. Et rerum neque saepe hic iste sint sunt. Error et sunt expedita quia praesentium deleniti explicabo. Adipisci eos nemo consequuntur magni fugit possimus.', 0, '2019-08-18 18:53:30', '2019-08-18 18:53:30'),
(86, 1, 'et', 'Ut ea quo accusamus iure velit distinctio aut. Molestias veniam non sit non non possimus rerum. Natus distinctio autem similique voluptas molestiae qui non.', 4, '2019-08-18 18:53:30', '2019-08-18 18:53:30'),
(87, 17, 'qui', 'Eius aut explicabo ea quaerat officiis deserunt sequi. Sequi officiis reiciendis repellendus repellat. Ut iusto soluta facilis.', 1, '2019-08-18 18:53:30', '2019-08-18 18:53:30'),
(88, 43, 'quod', 'Sunt consequatur architecto unde. Libero assumenda qui nam magni corrupti deserunt. Quia sapiente adipisci omnis numquam ea aut et. Ut sunt architecto maxime. Vitae dolor reiciendis mollitia expedita.', 5, '2019-08-18 18:53:30', '2019-08-18 18:53:30'),
(89, 47, 'quia', 'Excepturi tempora consequuntur ea qui aliquid quaerat. Minima dolor unde reiciendis. Quas optio praesentium officia facilis incidunt incidunt iste ullam. Cupiditate earum dolorem sed earum nihil dicta sed.', 0, '2019-08-18 18:53:30', '2019-08-18 18:53:30'),
(90, 47, 'voluptatem', 'Voluptates in amet consequuntur et accusamus alias. Quo facere molestiae excepturi quae. Quidem facilis debitis aut magni similique excepturi consequatur. Ut necessitatibus et rerum. Ullam non aut aut accusamus ut.', 2, '2019-08-18 18:53:30', '2019-08-18 18:53:30'),
(91, 1, 'quo', 'Consequatur hic animi ea iste delectus. Laudantium natus dolorem repellendus optio. Pariatur et commodi accusamus doloremque nemo. Architecto id nam aut eos id.', 0, '2019-08-18 18:53:30', '2019-08-18 18:53:30'),
(92, 43, 'ab', 'Sunt sed illum eligendi minus quam. Maxime magni sit quibusdam quidem molestias ut. Quos tempora atque quia et rerum tempore quia. Ea eaque aut sit quo.', 4, '2019-08-18 18:53:30', '2019-08-18 18:53:30'),
(93, 34, 'excepturi', 'Voluptate qui eligendi voluptas consequatur molestias nesciunt voluptas. Animi atque omnis quibusdam rem laudantium. Placeat eius aut et cum necessitatibus voluptatem cum. Quo harum aut est repellat aut.', 0, '2019-08-18 18:53:30', '2019-08-18 18:53:30'),
(94, 29, 'est', 'Quod voluptas nobis amet. Itaque illo praesentium sapiente vel.', 5, '2019-08-18 18:53:30', '2019-08-18 18:53:30'),
(95, 25, 'ut', 'Error accusantium rem quasi quia consequuntur ut vel. Natus ea voluptatum placeat cum pariatur. Molestias mollitia debitis doloribus minus modi nulla cum. Ut accusamus qui excepturi ut nemo fugiat mollitia.', 4, '2019-08-18 18:53:30', '2019-08-18 18:53:30'),
(96, 37, 'sit', 'Similique non minus et id id voluptatem. Quia asperiores molestias velit similique nesciunt beatae fugiat. Voluptatum et itaque mollitia consequatur quia voluptatem. Tempora odit nemo beatae delectus et.', 1, '2019-08-18 18:53:30', '2019-08-18 18:53:30'),
(97, 14, 'modi', 'Et quis non neque est ut sunt. Explicabo aut ipsa aut in. Veritatis fuga ut voluptatem enim. Distinctio officiis ex maiores iste nostrum cumque ut.', 4, '2019-08-18 18:53:30', '2019-08-18 18:53:30'),
(98, 12, 'esse', 'Labore maiores aut in ratione in et. Repudiandae totam magni ratione omnis et similique quia. Reiciendis et accusantium exercitationem nobis non. Similique ab totam sit aut ut. Sint modi in animi minus aliquid repellendus nulla.', 5, '2019-08-18 18:53:30', '2019-08-18 18:53:30'),
(99, 5, 'eaque', 'Et aut voluptates est dicta molestiae voluptatibus. Velit ea qui ipsa quis. Quo autem soluta molestias facilis perspiciatis possimus ullam.', 3, '2019-08-18 18:53:31', '2019-08-18 18:53:31'),
(100, 13, 'quia', 'Maiores voluptatibus distinctio illo dignissimos repudiandae facere nobis error. Est earum aliquid harum. Ipsum harum omnis tenetur sint. Quasi accusantium sit delectus voluptatum ea debitis.', 3, '2019-08-18 18:53:31', '2019-08-18 18:53:31'),
(101, 18, 'molestiae', 'Ipsam omnis voluptas itaque dolore eum et. Ut velit commodi voluptatem repudiandae ad. Ullam aliquam assumenda eligendi rerum placeat corrupti.', 3, '2019-08-18 18:53:31', '2019-08-18 18:53:31'),
(102, 12, 'ut', 'Molestiae dicta tempore sit quae sequi aut tenetur. Nulla minus occaecati odio vel veniam ullam. Quod ea incidunt eaque quisquam perferendis. Ipsum dolores omnis molestiae id.', 1, '2019-08-18 18:53:31', '2019-08-18 18:53:31'),
(103, 47, 'odio', 'Et eum reiciendis beatae consequuntur exercitationem esse. Aspernatur facilis libero rem fuga.', 5, '2019-08-18 18:53:31', '2019-08-18 18:53:31'),
(104, 3, 'doloribus', 'Quas recusandae sapiente officia magnam. Vitae omnis laudantium dolores totam aliquid. Corporis eveniet et temporibus.', 2, '2019-08-18 18:53:31', '2019-08-18 18:53:31'),
(105, 9, 'voluptatum', 'Qui quae soluta culpa nisi. Voluptatem iusto eaque aut rerum aut saepe modi. Nobis et architecto et sapiente quae assumenda consequatur. Unde ipsum autem voluptatibus.', 1, '2019-08-18 18:53:31', '2019-08-18 18:53:31'),
(106, 7, 'beatae', 'Nam sint laboriosam nemo possimus. Omnis dolor ipsa impedit omnis eum qui sed. Corrupti quia deserunt ut voluptates illum labore. Nobis dolorem nihil eos adipisci.', 5, '2019-08-18 18:53:31', '2019-08-18 18:53:31'),
(107, 9, 'hic', 'Consectetur earum sed ut deserunt dicta. Non iusto voluptas ex architecto animi molestiae. Iusto reprehenderit minima mollitia autem voluptatem ab reprehenderit.', 4, '2019-08-18 18:53:31', '2019-08-18 18:53:31'),
(108, 35, 'autem', 'Id quis aut consequuntur id adipisci sunt aperiam. Exercitationem officia aut in vero corrupti mollitia quidem. Ab perspiciatis eius ullam error magnam id. Enim dignissimos consequuntur incidunt itaque cupiditate. Vitae laudantium dolorem architecto possimus.', 3, '2019-08-18 18:53:31', '2019-08-18 18:53:31'),
(109, 32, 'voluptate', 'Nemo doloribus quis soluta officiis. Neque magnam eligendi ea mollitia quas ut. Quis blanditiis laudantium minima deserunt totam quam quasi. Totam tempora incidunt veniam.', 0, '2019-08-18 18:53:31', '2019-08-18 18:53:31'),
(110, 3, 'corrupti', 'Voluptatibus temporibus dolore ut eius rerum. Eum sed vel molestiae sint aut dolor aperiam. Excepturi tempore laboriosam tempore reiciendis ut deleniti provident. Exercitationem facilis doloremque et dolores recusandae.', 2, '2019-08-18 18:53:31', '2019-08-18 18:53:31'),
(111, 13, 'exercitationem', 'Similique aut dolorem et aliquam omnis hic ad fuga. Et doloremque officia tenetur reiciendis doloribus debitis. Aut pariatur id tempora molestiae sapiente fugiat a asperiores.', 2, '2019-08-18 18:53:31', '2019-08-18 18:53:31'),
(112, 37, 'cum', 'Possimus dolor maxime maiores eveniet. Totam qui neque qui vero est consequatur.', 5, '2019-08-18 18:53:31', '2019-08-18 18:53:31'),
(113, 7, 'sit', 'Voluptatem nam a magnam architecto. Iste quam molestiae nihil eum. Molestias fuga maiores consequatur necessitatibus. Harum atque placeat ut reiciendis laborum quaerat. Ad odit et nihil.', 4, '2019-08-18 18:53:31', '2019-08-18 18:53:31'),
(114, 34, 'distinctio', 'Quo numquam exercitationem repellendus deserunt quibusdam dolorem. Quod sunt a velit non porro fugiat. Aspernatur delectus aut expedita odit. Inventore deleniti excepturi omnis aut.', 4, '2019-08-18 18:53:31', '2019-08-18 18:53:31'),
(115, 6, 'reiciendis', 'Nostrum nihil odio quisquam. At animi praesentium odit saepe autem doloremque. Velit officia error quis. Optio autem illum dolorem nulla ex laudantium similique et.', 0, '2019-08-18 18:53:31', '2019-08-18 18:53:31'),
(116, 12, 'rerum', 'Sed et perspiciatis unde perspiciatis suscipit error vitae. Quia voluptas aut dicta suscipit totam. Qui quam aut excepturi est modi quasi.', 4, '2019-08-18 18:53:31', '2019-08-18 18:53:31'),
(117, 29, 'voluptatem', 'Est porro aut fuga nihil sit in. Dolore voluptas dicta atque. Architecto in amet sint velit.', 1, '2019-08-18 18:53:31', '2019-08-18 18:53:31'),
(118, 1, 'repellat', 'Omnis odio ut quisquam inventore veniam molestiae. Voluptas nihil possimus voluptatem corporis ducimus est maxime optio. Nam quia quis non saepe dolores nostrum. Perferendis ratione sapiente ab ut aut ipsum.', 3, '2019-08-18 18:53:32', '2019-08-18 18:53:32'),
(119, 16, 'est', 'Cumque ea mollitia culpa iure et iusto et. Nobis ratione hic accusantium dolor. Nihil aliquam debitis voluptas nihil. Et officiis minima aut fugit quaerat vitae rerum.', 5, '2019-08-18 18:53:32', '2019-08-18 18:53:32'),
(120, 6, 'repellat', 'Eaque illo dolores odit reiciendis. Quod reprehenderit aut aut est et dolor dignissimos nulla. Repellat quasi quo ut similique sit iure nobis. Voluptas consequatur ut laborum doloremque sequi nihil.', 0, '2019-08-18 18:53:32', '2019-08-18 18:53:32'),
(121, 29, 'atque', 'Esse ea voluptatem saepe voluptatem et ducimus ab. Illo aut ea ut dolores recusandae. Est officia soluta non omnis.', 3, '2019-08-18 18:53:32', '2019-08-18 18:53:32'),
(122, 26, 'tempore', 'Illo necessitatibus dolore ratione vel. Non voluptas nulla architecto velit id sit itaque vel. Non in quia et alias.', 5, '2019-08-18 18:53:32', '2019-08-18 18:53:32'),
(123, 25, 'perspiciatis', 'Odit sed perferendis sed ut expedita. Ipsa facilis sunt maxime et. Tempore iusto enim nobis et exercitationem. Id quia quas voluptas amet sed.', 0, '2019-08-18 18:53:32', '2019-08-18 18:53:32'),
(124, 23, 'voluptatem', 'Minus aut et sit rem. Labore sed sapiente suscipit perspiciatis quasi voluptates qui. Nihil tenetur qui eos ut.', 4, '2019-08-18 18:53:32', '2019-08-18 18:53:32'),
(125, 3, 'et', 'Facilis commodi qui et aut. Velit nostrum sed et et illo sunt quaerat. Reprehenderit doloremque perferendis in quia placeat cumque.', 4, '2019-08-18 18:53:32', '2019-08-18 18:53:32'),
(126, 26, 'exercitationem', 'Eveniet veniam assumenda veritatis. Animi tempore delectus optio voluptatum. Quis cupiditate omnis recusandae ut eaque fugit inventore. Deleniti est impedit cum reiciendis.', 5, '2019-08-18 18:53:32', '2019-08-18 18:53:32'),
(127, 35, 'quia', 'Rerum quas omnis sed beatae ratione minima. Pariatur ut in nihil nisi consequatur quas. Rem molestias voluptatibus deserunt laboriosam molestias et iste.', 3, '2019-08-18 18:53:32', '2019-08-18 18:53:32'),
(128, 31, 'quisquam', 'Eos tempora beatae culpa et fugit amet. Quis veritatis cum vitae et voluptatem impedit id veritatis.', 1, '2019-08-18 18:53:32', '2019-08-18 18:53:32'),
(129, 34, 'rerum', 'Iste non ex eum modi laborum sapiente nam et. In quasi architecto ipsum distinctio praesentium quia. Nisi nihil rerum non rerum. Sit quo iusto rerum veniam et est.', 2, '2019-08-18 18:53:32', '2019-08-18 18:53:32'),
(130, 32, 'et', 'Quia rerum cupiditate temporibus. Iste quod dolorem iste tempore non non. Et ex laborum qui earum maxime autem.', 4, '2019-08-18 18:53:32', '2019-08-18 18:53:32'),
(131, 38, 'in', 'Aut sequi rerum autem. Omnis qui nesciunt repellendus natus. Nemo hic culpa natus expedita cumque repudiandae. Itaque ut est aut qui sit natus incidunt dignissimos.', 4, '2019-08-18 18:53:32', '2019-08-18 18:53:32'),
(132, 16, 'cupiditate', 'Eum sit sit delectus nulla sint quos. Qui dolores voluptate quas quos temporibus quae et. Eum voluptas quam esse nostrum nemo. Autem corrupti neque eum eveniet quisquam nihil.', 5, '2019-08-18 18:53:32', '2019-08-18 18:53:32'),
(133, 35, 'nemo', 'Facere ipsa consequatur maiores veritatis quasi et. Eum totam voluptas dolore voluptatum nihil. Aliquid exercitationem qui cupiditate ea fugiat doloremque explicabo id. Ab non ut officia qui molestiae in magni.', 3, '2019-08-18 18:53:32', '2019-08-18 18:53:32'),
(134, 43, 'id', 'Aperiam possimus corporis magnam quisquam pariatur. Saepe voluptatem voluptatem rerum ut delectus. Autem animi velit iusto voluptatem voluptate.', 1, '2019-08-18 18:53:32', '2019-08-18 18:53:32'),
(135, 49, 'voluptate', 'Et maxime voluptates vel sunt sit. Suscipit autem eius beatae maiores tenetur molestias. Optio inventore voluptas voluptates dolorum nobis deserunt. Qui perferendis repellendus in.', 1, '2019-08-18 18:53:32', '2019-08-18 18:53:32'),
(136, 26, 'excepturi', 'Repellat reiciendis rem et sequi ducimus et sint. Dolorum architecto molestiae non rem quasi rerum. Facere harum officia rerum recusandae voluptatem. Harum quia expedita repudiandae sit temporibus voluptatem sint.', 5, '2019-08-18 18:53:32', '2019-08-18 18:53:32'),
(137, 4, 'aliquid', 'Similique rerum voluptas sapiente facere vitae et iste. Iure sint id quod autem quia quasi eum. Ipsam totam neque accusamus non temporibus rerum accusamus. Rerum libero delectus consequatur odio.', 0, '2019-08-18 18:53:32', '2019-08-18 18:53:32'),
(138, 9, 'voluptas', 'Iste odit pariatur quam quae minus culpa ea. Corrupti deleniti itaque autem minima ut eum nihil. Aliquid exercitationem labore repellendus et molestiae ipsam.', 1, '2019-08-18 18:53:32', '2019-08-18 18:53:32'),
(139, 18, 'ipsum', 'Quidem possimus necessitatibus doloribus eum. Molestiae repellat et id eveniet totam molestiae deserunt.', 4, '2019-08-18 18:53:32', '2019-08-18 18:53:32'),
(140, 50, 'harum', 'Veritatis et aut consectetur eum perferendis. Enim quo consequatur perferendis sunt totam quis quidem. Commodi velit labore atque minus laborum blanditiis. Omnis quisquam qui sunt dignissimos.', 5, '2019-08-18 18:53:33', '2019-08-18 18:53:33'),
(141, 6, 'accusamus', 'Dolorum modi nulla aperiam quas totam quae occaecati. Suscipit enim incidunt autem. Illo rem saepe omnis cumque. Ipsum nihil voluptatum fugit optio est rerum. Sed necessitatibus nulla illum earum quaerat recusandae vero.', 5, '2019-08-18 18:53:33', '2019-08-18 18:53:33'),
(142, 31, 'eaque', 'Quia atque aspernatur rem fuga laboriosam suscipit. Ut dolorum est dolorem nobis. Possimus minus quaerat nemo ut sapiente dolore. Voluptatem doloremque dolorum voluptatem qui qui aut.', 4, '2019-08-18 18:53:33', '2019-08-18 18:53:33'),
(143, 43, 'eum', 'Quod tempore nihil accusantium dolore voluptatem quos sunt. Ipsa facere maiores autem nihil in officiis omnis. Aperiam aut et fugit fuga enim.', 2, '2019-08-18 18:53:33', '2019-08-18 18:53:33'),
(144, 24, 'non', 'Saepe ratione aut temporibus beatae. Quo et vero consectetur. Sequi voluptas id consequatur modi quis. Aut magni tempora cupiditate fugit eius sunt illo recusandae.', 3, '2019-08-18 18:53:33', '2019-08-18 18:53:33'),
(145, 36, 'vel', 'Voluptates et sunt similique necessitatibus fugit quia. Eaque et quisquam ratione quia molestiae est dolores sit. Aut qui enim blanditiis est. Sequi ut doloremque nemo aspernatur omnis est. Quasi nam iusto sed quaerat quae ut.', 3, '2019-08-18 18:53:33', '2019-08-18 18:53:33'),
(146, 7, 'vitae', 'Omnis ut eum modi aut deserunt et tenetur. Eius voluptatem nihil beatae provident quia aliquam culpa. Nisi atque sapiente ea voluptas.', 3, '2019-08-18 18:53:33', '2019-08-18 18:53:33'),
(147, 5, 'vero', 'Totam aut velit quia ut molestias. Placeat vitae possimus facilis sunt et. Aliquam eligendi consequatur odit aut hic voluptates.', 2, '2019-08-18 18:53:33', '2019-08-18 18:53:33'),
(148, 41, 'sunt', 'Doloribus voluptatem odio est quasi quia maxime quidem. Dolorum temporibus beatae inventore perferendis aut nisi. Error laborum sint accusantium eum praesentium consequatur dolorum omnis. Explicabo quod dolorum delectus nemo ipsum iure et consequatur.', 4, '2019-08-18 18:53:33', '2019-08-18 18:53:33'),
(149, 41, 'voluptas', 'Tenetur in et molestiae nihil. Recusandae aut tempora molestiae velit.', 0, '2019-08-18 18:53:33', '2019-08-18 18:53:33'),
(150, 14, 'totam', 'Accusantium amet qui unde earum. Facilis assumenda dolor magnam at excepturi quia aspernatur. Maiores similique eos repellat quia molestiae excepturi sed.', 4, '2019-08-18 18:53:33', '2019-08-18 18:53:33'),
(151, 29, 'atque', 'Dolor sed et fuga assumenda voluptas. Voluptas tempore ipsum rerum dolores fuga recusandae et ipsa. Ullam labore aut quis fugit praesentium in blanditiis. Cum quis pariatur commodi maxime fugiat. Voluptatum et ad enim at ut.', 4, '2019-08-18 18:53:33', '2019-08-18 18:53:33'),
(152, 2, 'assumenda', 'Necessitatibus et esse eaque voluptatibus voluptatem. Aut accusamus eos sed ex consequatur ipsam recusandae. Consectetur omnis dolor a optio.', 0, '2019-08-18 18:53:33', '2019-08-18 18:53:33'),
(153, 35, 'sit', 'Similique velit dolore quis dolorem voluptatem. Et earum eligendi fuga dolores occaecati odit. Necessitatibus aut et ut dolor incidunt et. Repellendus nulla ex nisi libero et dolores repudiandae.', 2, '2019-08-18 18:53:33', '2019-08-18 18:53:33'),
(154, 5, 'commodi', 'Optio sit exercitationem numquam ut provident libero ratione. Qui possimus dolorem fugiat. Unde quaerat ipsa perspiciatis. Quod voluptatum dignissimos esse minima porro.', 3, '2019-08-18 18:53:33', '2019-08-18 18:53:33'),
(155, 44, 'quia', 'Sunt ipsa ut blanditiis quos itaque non. Odit praesentium sequi aspernatur ea consectetur quia rerum. Fugit harum dignissimos praesentium ut mollitia.', 3, '2019-08-18 18:53:33', '2019-08-18 18:53:33'),
(156, 36, 'excepturi', 'Assumenda repellendus culpa iste magnam. Nobis quos et repellendus eos veritatis. Rem iure quaerat ut.', 1, '2019-08-18 18:53:33', '2019-08-18 18:53:33'),
(157, 34, 'in', 'Debitis sed sit cum et. Tempore omnis in deserunt voluptas dicta nesciunt harum. Nobis sit iste possimus soluta. Illo molestiae nihil nam quae commodi voluptatibus ut aut. Neque inventore eligendi ad aut non a.', 3, '2019-08-18 18:53:33', '2019-08-18 18:53:33'),
(158, 6, 'sapiente', 'In eveniet aut ut aut mollitia. Molestiae unde esse quos ut dolore quod mollitia. Consequatur quis dolorem et dolorum eos aspernatur et rerum. Sint aut debitis voluptates tempora placeat est blanditiis. Fuga quod ipsum sint.', 4, '2019-08-18 18:53:33', '2019-08-18 18:53:33'),
(159, 28, 'inventore', 'Ab est ea quae quis rerum fugiat. Deserunt ullam praesentium id iste sed modi adipisci nemo. Perferendis consequatur blanditiis incidunt aspernatur dolores.', 5, '2019-08-18 18:53:33', '2019-08-18 18:53:33'),
(160, 14, 'et', 'Voluptates enim error nihil nemo omnis esse nemo. Voluptatibus praesentium dolores aspernatur numquam laboriosam. Sed earum assumenda nulla laborum quo autem. Autem optio et quia molestiae itaque quia.', 3, '2019-08-18 18:53:33', '2019-08-18 18:53:33'),
(161, 8, 'inventore', 'Magni temporibus quia consectetur blanditiis. Quidem doloribus aut dignissimos et sint nulla. Quae et qui enim fugit inventore.', 3, '2019-08-18 18:53:33', '2019-08-18 18:53:33'),
(162, 13, 'dignissimos', 'Consequuntur molestiae pariatur saepe totam consequatur recusandae cupiditate explicabo. Voluptas ipsa delectus ea atque qui. Et consequuntur ab pariatur et. Cumque ullam maxime quia sint quae amet neque.', 3, '2019-08-18 18:53:34', '2019-08-18 18:53:34'),
(163, 16, 'vero', 'In voluptatibus sapiente est non est iure illum aut. Nihil omnis dolor aperiam. Quod nihil unde ut porro sunt illo sint. Temporibus ad numquam eum molestiae et et. Voluptas iure repellat excepturi harum omnis dolorem.', 0, '2019-08-18 18:53:34', '2019-08-18 18:53:34'),
(164, 23, 'et', 'Quam sunt iure fugit libero. Qui explicabo eveniet beatae facilis est. Vero laudantium esse facilis minima.', 0, '2019-08-18 18:53:34', '2019-08-18 18:53:34'),
(165, 39, 'nam', 'Nisi exercitationem ut quos. Expedita explicabo placeat necessitatibus quo sunt laborum. In ut mollitia aperiam quasi ducimus. Molestiae illo velit ea accusamus.', 3, '2019-08-18 18:53:34', '2019-08-18 18:53:34'),
(166, 46, 'ab', 'Non voluptate est autem earum. Natus architecto neque velit. Culpa rerum rerum et sint architecto. Possimus qui sit aliquid aut. Accusantium quas culpa earum rerum enim dolorem.', 4, '2019-08-18 18:53:34', '2019-08-18 18:53:34'),
(167, 22, 'voluptatem', 'Ab ut quasi vero. Labore nihil qui cumque earum esse omnis at. Accusamus eum aut quo quo ipsa vel deleniti. Laboriosam et vero quaerat doloribus voluptatem ipsam enim dolores.', 1, '2019-08-18 18:53:34', '2019-08-18 18:53:34'),
(168, 40, 'adipisci', 'Voluptas repellendus nulla iste quisquam quo itaque. Aliquam reiciendis voluptas non totam id. Fugiat eaque minus eos. Omnis ipsum quas hic et est.', 4, '2019-08-18 18:53:34', '2019-08-18 18:53:34'),
(169, 48, 'quis', 'Dolores et aut sit voluptas laborum aut qui. Labore nisi mollitia aperiam. Laudantium corporis accusantium possimus omnis incidunt voluptas porro.', 5, '2019-08-18 18:53:34', '2019-08-18 18:53:34'),
(170, 11, 'quo', 'Minus vero omnis corporis suscipit exercitationem eius sit quaerat. Voluptas repellat molestias voluptatem eveniet quis impedit. Unde ex minus similique nemo tenetur occaecati deleniti. Et autem ullam voluptas perferendis.', 5, '2019-08-18 18:53:34', '2019-08-18 18:53:34'),
(171, 8, 'aut', 'Dignissimos ut suscipit eius laborum explicabo ut. Quam aut voluptas veniam itaque consequatur qui. Id blanditiis laborum nihil quae. Quia ea aperiam illum.', 1, '2019-08-18 18:53:34', '2019-08-18 18:53:34'),
(172, 33, 'aliquid', 'Laudantium nihil doloremque iusto similique perspiciatis dolor. Omnis dolore molestias non quaerat velit iure eveniet. Itaque illum eaque quasi voluptate et magni in.', 5, '2019-08-18 18:53:34', '2019-08-18 18:53:34'),
(173, 30, 'odio', 'Dolores ea magnam cupiditate est. Soluta itaque quia modi. Et quisquam nobis sed nulla molestiae facilis. Excepturi accusamus velit fuga nostrum et.', 5, '2019-08-18 18:53:34', '2019-08-18 18:53:34'),
(174, 34, 'ullam', 'Est voluptatem voluptatem dicta blanditiis aspernatur possimus. Et assumenda asperiores nesciunt vel. Autem accusantium omnis dolor ut repellendus nisi. Reprehenderit ex maiores quisquam veniam corrupti ipsa voluptates.', 2, '2019-08-18 18:53:34', '2019-08-18 18:53:34'),
(175, 28, 'cupiditate', 'Qui ullam sunt voluptatem laboriosam voluptas explicabo sint rerum. Quasi doloremque ut cumque. Occaecati nulla error deserunt alias culpa non minima. Sapiente consectetur ab non voluptatem aut.', 4, '2019-08-18 18:53:34', '2019-08-18 18:53:34'),
(176, 38, 'quo', 'Inventore voluptatem amet omnis ducimus inventore. Dolores dolores et perspiciatis eius et aut sint voluptates. Iste alias iure aspernatur quod tempora. Sit commodi adipisci quasi ut est quo sequi.', 3, '2019-08-18 18:53:34', '2019-08-18 18:53:34'),
(177, 30, 'totam', 'Et qui repellat molestias. Sit asperiores cum et eum tenetur qui.', 3, '2019-08-18 18:53:34', '2019-08-18 18:53:34'),
(178, 7, 'aperiam', 'Cumque est aperiam dolorem sapiente quia. Fugiat culpa reprehenderit dolores rerum iusto sint. Repellendus ut quia asperiores eos est dignissimos magnam necessitatibus. Quam pariatur repellat ab.', 1, '2019-08-18 18:53:34', '2019-08-18 18:53:34'),
(179, 13, 'nobis', 'Perspiciatis illo facilis est et animi facere. Non voluptates molestias laudantium. Id tempore deleniti ullam quos rerum aliquid. Quaerat officia distinctio est harum quas.', 0, '2019-08-18 18:53:34', '2019-08-18 18:53:34'),
(180, 5, 'aperiam', 'Dolorem qui veniam atque molestias earum voluptatem. Inventore dolores libero delectus. Eos quo et nemo dolorem nihil.', 3, '2019-08-18 18:53:34', '2019-08-18 18:53:34'),
(181, 26, 'ipsam', 'Consequatur fugiat suscipit quos excepturi odio. Repellat eos libero similique. Libero illum non voluptas vel facilis. Quae molestias dolor quis dolor saepe voluptas.', 0, '2019-08-18 18:53:34', '2019-08-18 18:53:34'),
(182, 6, 'eum', 'Non deleniti modi porro vel aliquid assumenda placeat. Ratione ducimus quod aspernatur aut quos est tempore at. Quia dolor dicta rerum harum possimus.', 5, '2019-08-18 18:53:35', '2019-08-18 18:53:35'),
(183, 10, 'molestiae', 'Molestias iure laboriosam minima sunt ducimus quis. Repellendus quos quaerat voluptas officia quidem harum. Beatae veniam doloribus cum minima et. Autem neque sed magnam quo. Est dicta sed ut corrupti repellendus quia molestiae.', 5, '2019-08-18 18:53:35', '2019-08-18 18:53:35'),
(184, 27, 'sed', 'Ut provident distinctio aut enim aperiam quisquam. Nobis deleniti ratione maiores dolorum corporis. Ullam sit adipisci numquam quod cupiditate est. Molestiae vitae sunt est non ut.', 4, '2019-08-18 18:53:35', '2019-08-18 18:53:35'),
(185, 39, 'et', 'Ad quos similique sapiente quis laboriosam tempore. Expedita sapiente quibusdam rerum sit molestias quo accusamus. Qui quia ab totam corporis suscipit. Voluptate quas dolor sit culpa.', 3, '2019-08-18 18:53:35', '2019-08-18 18:53:35'),
(186, 3, 'ut', 'Officiis ut ea non ut rem et. Distinctio in sit quam et accusantium iste. Et reiciendis quia aut mollitia qui ut doloribus. Est architecto enim sit alias.', 3, '2019-08-18 18:53:35', '2019-08-18 18:53:35'),
(187, 34, 'dolores', 'Architecto aut quia non voluptatem. Ullam vel quia veritatis molestiae. Voluptatem tempora est saepe error.', 1, '2019-08-18 18:53:35', '2019-08-18 18:53:35'),
(188, 8, 'velit', 'Libero doloribus nihil amet dolor. Voluptate quia aut est aut aliquam dolores qui vel. Repellendus officia dolorem deserunt quo earum at. Nihil possimus non sed qui.', 3, '2019-08-18 18:53:35', '2019-08-18 18:53:35'),
(189, 36, 'beatae', 'Qui et ut libero est. Voluptas quibusdam id illum ipsa et placeat facilis non. Quo aut libero velit pariatur. Sed nostrum sint blanditiis et. Corporis sed consequatur quia.', 2, '2019-08-18 18:53:35', '2019-08-18 18:53:35'),
(190, 37, 'odio', 'Voluptas quidem sed est voluptates amet sint eos. Sit veniam dolor minus eveniet explicabo doloribus. Dolor velit esse voluptatem mollitia veritatis praesentium sit illo.', 3, '2019-08-18 18:53:35', '2019-08-18 18:53:35'),
(191, 28, 'illo', 'Fugit culpa quibusdam repellendus id impedit dolores ipsa. Id et eveniet aut sit qui alias ea. Mollitia explicabo aperiam cupiditate tempora quam vitae. Eligendi veritatis nam provident libero.', 3, '2019-08-18 18:53:35', '2019-08-18 18:53:35'),
(192, 47, 'minima', 'Ad est consequatur est impedit. Sint non exercitationem vitae rerum nihil dolor ducimus. Inventore ea quia beatae sunt quod ipsum dolor labore. Minus omnis quae et vero. Cupiditate et sint incidunt consequatur.', 5, '2019-08-18 18:53:35', '2019-08-18 18:53:35'),
(193, 10, 'aperiam', 'Ut unde hic voluptatum. Sunt consequuntur possimus amet velit totam doloremque eos. Accusamus voluptatem illum repellendus autem. Velit consequatur velit unde magnam.', 1, '2019-08-18 18:53:35', '2019-08-18 18:53:35'),
(194, 48, 'nobis', 'Blanditiis excepturi a vero et. Quia itaque deleniti harum ut nemo. Consectetur placeat ab in accusantium explicabo numquam. Praesentium quisquam nihil consequuntur esse.', 0, '2019-08-18 18:53:35', '2019-08-18 18:53:35'),
(195, 31, 'rerum', 'Soluta aut praesentium consequuntur suscipit quod placeat. Ad iste nam assumenda officiis voluptatem. Voluptatibus nisi commodi distinctio eius. Nulla rem aut et explicabo in consectetur occaecati.', 3, '2019-08-18 18:53:35', '2019-08-18 18:53:35'),
(196, 45, 'molestias', 'Nihil dicta facilis ut officiis voluptas accusantium. Dolores fugiat distinctio voluptatem esse exercitationem. Error dolor reiciendis non. Accusamus aut pariatur inventore. Ab ut voluptatum fugiat occaecati nihil eligendi vero.', 3, '2019-08-18 18:53:35', '2019-08-18 18:53:35'),
(197, 9, 'sint', 'Nulla aut et qui nesciunt necessitatibus quo fuga. Aperiam possimus sapiente esse labore nihil reiciendis. Veniam vero necessitatibus sit voluptatem excepturi expedita. Nam nostrum neque cumque et magni dolor.', 1, '2019-08-18 18:53:35', '2019-08-18 18:53:35'),
(198, 22, 'consectetur', 'Dignissimos occaecati quisquam eligendi ea quibusdam. Dicta omnis est et provident illum consequatur. Ut atque adipisci rerum eum et iure at.', 0, '2019-08-18 18:53:35', '2019-08-18 18:53:35'),
(199, 1, 'consectetur', 'Nam explicabo qui minima corporis dolorum. Enim reprehenderit sint esse amet suscipit qui et quisquam. Molestias sunt cum sit adipisci. Quos sed et praesentium et. Labore dicta repellendus est impedit exercitationem dignissimos.', 0, '2019-08-18 18:53:35', '2019-08-18 18:53:35'),
(200, 17, 'nihil', 'Perferendis in eum nulla. Tempore nihil sed pariatur animi reiciendis enim aut. Nesciunt ut natus eligendi alias nihil accusantium.', 3, '2019-08-18 18:53:35', '2019-08-18 18:53:35'),
(201, 12, 'voluptatem', 'Magni accusamus maiores est id incidunt magni aspernatur. Aperiam sed odit labore aut earum sint fugiat voluptatem. Velit aut tempore fugiat. Cumque perferendis molestias libero.', 5, '2019-08-18 18:53:35', '2019-08-18 18:53:35'),
(202, 39, 'ipsam', 'Ut et ab eligendi id rem occaecati. Optio praesentium ut est labore explicabo possimus debitis. Ut earum et animi recusandae aut rem repellat. Inventore autem animi tenetur numquam.', 3, '2019-08-18 18:53:35', '2019-08-18 18:53:35'),
(203, 48, 'laborum', 'Et laborum qui dignissimos expedita amet. Et enim quia quasi ipsa eligendi et. Nihil quaerat deleniti rerum impedit pariatur aspernatur. Velit laborum numquam dolore qui at corporis similique ex.', 1, '2019-08-18 18:53:35', '2019-08-18 18:53:35'),
(204, 35, 'nulla', 'Necessitatibus fugit asperiores non qui itaque. Quis veritatis esse totam itaque. Aliquam incidunt sit perspiciatis facilis assumenda dolor.', 5, '2019-08-18 18:53:35', '2019-08-18 18:53:35'),
(205, 34, 'ut', 'Nihil aut consequuntur debitis aliquam voluptates exercitationem. Provident necessitatibus ipsum iste dolorem odit. Minima et tenetur est labore aspernatur quas.', 0, '2019-08-18 18:53:35', '2019-08-18 18:53:35'),
(206, 45, 'vitae', 'Dolore voluptatibus est minima maxime pariatur animi. Corporis nesciunt est optio ipsam. Et est voluptas tempora ad qui rerum et.', 4, '2019-08-18 18:53:35', '2019-08-18 18:53:35'),
(207, 23, 'cumque', 'Itaque ut quo ut architecto amet. Maxime rerum molestiae sunt eaque. Ullam qui error in nesciunt velit delectus. Qui aut quos voluptas odit quia explicabo est.', 2, '2019-08-18 18:53:35', '2019-08-18 18:53:35'),
(208, 31, 'ut', 'Debitis ullam quae vero qui. Laudantium iusto amet distinctio repellendus. Sit aut non voluptatem nesciunt a. Ut id itaque sit et.', 3, '2019-08-18 18:53:35', '2019-08-18 18:53:35'),
(209, 30, 'recusandae', 'Reprehenderit ab et praesentium libero voluptatem quod velit. Eveniet aut dolore atque provident error. Debitis velit alias porro. Quo enim dolorem deserunt dolores et architecto.', 0, '2019-08-18 18:53:36', '2019-08-18 18:53:36'),
(210, 10, 'explicabo', 'Atque asperiores totam molestiae blanditiis et. Maiores voluptatibus vel suscipit est animi placeat. Ut laboriosam laboriosam voluptas possimus id.', 0, '2019-08-18 18:53:36', '2019-08-18 18:53:36'),
(211, 35, 'recusandae', 'Maiores odio eos mollitia et quam in magnam est. Est dolorem quia sint repudiandae similique qui. Quas earum harum aut rem eum quas nihil eos.', 2, '2019-08-18 18:53:36', '2019-08-18 18:53:36'),
(212, 47, 'consequatur', 'Necessitatibus illo saepe distinctio maxime. Deserunt doloremque at iste id. Sunt maxime excepturi cum dolorem non hic. Ea occaecati non alias mollitia est.', 2, '2019-08-18 18:53:36', '2019-08-18 18:53:36'),
(213, 30, 'hic', 'Unde minus aut reiciendis fugiat necessitatibus. Consequatur fugit iste voluptate sunt numquam deleniti. Quae qui exercitationem saepe eius voluptas. Id voluptatem minima id necessitatibus dolorum.', 5, '2019-08-18 18:53:36', '2019-08-18 18:53:36'),
(214, 18, 'beatae', 'Non et ex qui veritatis quia in temporibus. Accusantium qui voluptas sed explicabo quidem similique asperiores. Voluptatem voluptas distinctio ut molestiae.', 5, '2019-08-18 18:53:36', '2019-08-18 18:53:36');
INSERT INTO `reviews` (`id`, `product_id`, `customer`, `review`, `star`, `created_at`, `updated_at`) VALUES
(215, 49, 'nesciunt', 'Praesentium non sint aut cupiditate perspiciatis. Ullam hic et tempora. Reiciendis rerum cumque aut sequi amet voluptatem non recusandae. Quia deserunt tempore molestiae eum. Similique unde delectus sunt minima.', 1, '2019-08-18 18:53:36', '2019-08-18 18:53:36'),
(216, 15, 'assumenda', 'Quis dolorem quo ratione provident. Et ut facere voluptatibus qui modi et vel. Maiores ab at numquam. Suscipit nesciunt dolore adipisci nisi voluptatem perspiciatis ut.', 1, '2019-08-18 18:53:36', '2019-08-18 18:53:36'),
(217, 11, 'ipsum', 'Autem voluptas repudiandae ipsa laboriosam minima eum velit. Quam molestiae minima esse corporis sint vero. Impedit et nihil quis provident odio voluptas. Dolorem facilis voluptatem autem voluptas sapiente distinctio. Tenetur sint voluptates id dignissimos eaque non cumque.', 0, '2019-08-18 18:53:36', '2019-08-18 18:53:36'),
(218, 21, 'non', 'Aut nam corrupti facilis officia sit sapiente. Saepe sapiente hic est facilis ea aperiam. Eum perspiciatis impedit et.', 2, '2019-08-18 18:53:36', '2019-08-18 18:53:36'),
(219, 35, 'laboriosam', 'Quidem debitis fugiat velit maxime est voluptatem odit. Doloremque eum sit laborum vel. Nesciunt iste dolorum dolore animi voluptates enim sunt incidunt. Dolor ducimus quis ratione possimus quia ut quis ut.', 4, '2019-08-18 18:53:36', '2019-08-18 18:53:36'),
(220, 24, 'doloribus', 'Perferendis consequatur qui animi a repellendus et. Distinctio enim aut tenetur labore ipsum a pariatur. Temporibus aliquam quia id sed quis.', 5, '2019-08-18 18:53:36', '2019-08-18 18:53:36'),
(221, 31, 'nulla', 'Deleniti autem ut commodi aut. Nulla est explicabo voluptatem dolor atque suscipit et. Minima voluptatibus sit architecto necessitatibus autem facilis.', 1, '2019-08-18 18:53:36', '2019-08-18 18:53:36'),
(222, 1, 'provident', 'Quisquam ut nesciunt temporibus qui voluptate quasi rem. Dolorem commodi esse et quia magni et ullam. Porro harum repudiandae ut aut sunt ut. Dolores rerum voluptatibus nisi non inventore.', 3, '2019-08-18 18:53:36', '2019-08-18 18:53:36'),
(223, 23, 'nostrum', 'Itaque corporis ut debitis labore. Vitae veniam cum modi aliquam nobis repellendus doloribus.', 4, '2019-08-18 18:53:36', '2019-08-18 18:53:36'),
(224, 18, 'minima', 'Quaerat voluptas tenetur voluptas voluptas quaerat ab. Est asperiores quae aut assumenda. Ut delectus qui dolorum officia.', 1, '2019-08-18 18:53:36', '2019-08-18 18:53:36'),
(225, 40, 'eius', 'Dignissimos odit a autem labore earum omnis eum. Sunt quidem a sint laborum sed.', 4, '2019-08-18 18:53:36', '2019-08-18 18:53:36'),
(226, 10, 'dolor', 'At sint ipsa amet neque ea. Est porro id itaque labore consequatur. Nam officiis accusamus ut id voluptatem suscipit. Doloremque non quos excepturi accusantium quia et voluptates.', 1, '2019-08-18 18:53:36', '2019-08-18 18:53:36'),
(227, 38, 'vel', 'Natus consequatur qui in eum. Distinctio porro tempore veritatis dolor facilis. Minima ipsam repudiandae quis tenetur exercitationem id.', 1, '2019-08-18 18:53:36', '2019-08-18 18:53:36'),
(228, 38, 'voluptatem', 'Aut velit dolorum molestiae quod. Nam ipsa quos qui eius optio. Saepe laboriosam est delectus veritatis. Magni molestias velit voluptatum optio.', 2, '2019-08-18 18:53:36', '2019-08-18 18:53:36'),
(229, 14, 'et', 'Sed ut porro voluptatem et illo. Optio odio corrupti quis mollitia doloribus. Explicabo debitis dolores nam placeat.', 4, '2019-08-18 18:53:36', '2019-08-18 18:53:36'),
(230, 37, 'sit', 'Nostrum sint aliquam deleniti necessitatibus ab. Et aut quaerat et dolorem molestiae vitae cupiditate. Sit harum ut consequatur.', 1, '2019-08-18 18:53:36', '2019-08-18 18:53:36'),
(231, 19, 'eum', 'Recusandae molestiae corporis vero est perspiciatis qui animi. Dolor occaecati repellat magnam ut. Voluptates minus quo aliquam placeat et qui quidem. Eius et excepturi ut possimus et. Expedita laborum recusandae eius alias voluptas.', 2, '2019-08-18 18:53:36', '2019-08-18 18:53:36'),
(232, 26, 'numquam', 'Repellat sit ad vero non ut a. Voluptatem tempora labore ullam ut totam eligendi id.', 4, '2019-08-18 18:53:37', '2019-08-18 18:53:37'),
(233, 22, 'enim', 'Sint qui sequi doloremque dolores. Esse qui sunt velit quo et molestias et ut. Quia cum provident voluptatibus aliquid facere.', 0, '2019-08-18 18:53:37', '2019-08-18 18:53:37'),
(234, 41, 'repellendus', 'Debitis qui non nam nostrum omnis blanditiis. Delectus necessitatibus qui magni id temporibus. Suscipit sequi corporis quod eaque iusto.', 2, '2019-08-18 18:53:37', '2019-08-18 18:53:37'),
(235, 50, 'nostrum', 'Tempora id aut laborum. Est consequuntur ratione officia ut nobis. Magnam et quaerat illum culpa.', 0, '2019-08-18 18:53:37', '2019-08-18 18:53:37'),
(236, 42, 'incidunt', 'Et nostrum similique beatae sunt sunt impedit. Ea consequatur fugit quia quisquam quasi. Dicta in officiis est voluptatem natus tempora. Modi incidunt nisi sint quam sapiente eum ratione.', 5, '2019-08-18 18:53:37', '2019-08-18 18:53:37'),
(237, 41, 'animi', 'Maxime nostrum ab perferendis molestiae qui sit quas. Quam incidunt odit cum aut sed aut tenetur doloribus. Totam ullam a officiis aspernatur est quia natus quaerat.', 0, '2019-08-18 18:53:37', '2019-08-18 18:53:37'),
(238, 10, 'fugiat', 'Porro at totam necessitatibus qui. Ut ad facilis qui unde. Itaque sit vero ipsam illo.', 0, '2019-08-18 18:53:37', '2019-08-18 18:53:37'),
(239, 46, 'temporibus', 'Velit delectus ut voluptatum animi quaerat culpa consequatur. Ex dicta autem vero magnam. Iste soluta et et ut accusantium harum pariatur. Qui qui quia aut inventore vel inventore ut id.', 1, '2019-08-18 18:53:37', '2019-08-18 18:53:37'),
(240, 50, 'id', 'Sit totam laborum numquam nisi sed officiis. Sint earum ullam asperiores sint et. Laudantium velit ea quae et. Illo dolor vel qui sequi.', 1, '2019-08-18 18:53:37', '2019-08-18 18:53:37'),
(241, 8, 'consequatur', 'Accusantium dolores soluta voluptas ut quis est. Voluptatem voluptatem aut et expedita a voluptas sit. Voluptates in perferendis enim quaerat consectetur.', 2, '2019-08-18 18:53:37', '2019-08-18 18:53:37'),
(242, 36, 'deserunt', 'Placeat mollitia distinctio error tempore non voluptas accusamus. Nisi eveniet dignissimos eum non rerum. Eaque eos et deserunt iste aut eaque. Aut tenetur praesentium optio ullam.', 3, '2019-08-18 18:53:37', '2019-08-18 18:53:37'),
(243, 12, 'omnis', 'Tenetur corporis cumque soluta et inventore quis repudiandae. Et molestiae ipsum porro. Et mollitia commodi id sit. Ratione quaerat voluptas mollitia.', 5, '2019-08-18 18:53:37', '2019-08-18 18:53:37'),
(244, 40, 'est', 'Eligendi harum rerum quia dolores et sit rerum consequatur. Aut velit quo tenetur sunt exercitationem fuga eum. Ullam nostrum corporis corrupti et. Neque aut itaque qui voluptas.', 0, '2019-08-18 18:53:38', '2019-08-18 18:53:38'),
(245, 24, 'qui', 'Ea harum sed esse qui. Iure placeat enim maiores sed.', 2, '2019-08-18 18:53:38', '2019-08-18 18:53:38'),
(246, 48, 'ex', 'Voluptate necessitatibus sit culpa voluptatibus perferendis itaque. Qui ad totam et.', 3, '2019-08-18 18:53:38', '2019-08-18 18:53:38'),
(247, 19, 'et', 'Aspernatur incidunt qui possimus. Sit quas dolore ut aut. Vitae expedita a quisquam accusantium et.', 5, '2019-08-18 18:53:38', '2019-08-18 18:53:38'),
(248, 25, 'consequatur', 'Magni fugiat et autem autem non dolorum commodi. Nesciunt nihil sit fugiat. Vitae error nesciunt dolores. Molestias distinctio incidunt aspernatur magni libero error impedit et.', 4, '2019-08-18 18:53:38', '2019-08-18 18:53:38'),
(249, 36, 'voluptatum', 'Eum corporis minus eum sunt laborum iure. Recusandae sed deserunt minus quasi dolorum. Et laborum fugit corporis culpa labore aut nostrum est. Libero nihil consequatur sunt.', 4, '2019-08-18 18:53:38', '2019-08-18 18:53:38'),
(250, 20, 'hic', 'Harum et deleniti consectetur saepe repellat. Harum asperiores aut facilis quo et sunt et. Aut qui voluptas harum qui.', 4, '2019-08-18 18:53:38', '2019-08-18 18:53:38'),
(251, 4, 'velit', 'Voluptatibus porro molestiae commodi voluptate nihil. Qui magnam adipisci sed reiciendis est doloremque quia. Sapiente et ab veniam tempora aut accusantium et laboriosam. Nihil id sit ut. Beatae quidem eum eum minus dignissimos reprehenderit quia.', 5, '2019-08-18 18:53:38', '2019-08-18 18:53:38'),
(252, 1, 'in', 'Sed quia amet at sunt. Cumque sed perspiciatis est. Qui et amet odit exercitationem.', 3, '2019-08-18 18:53:38', '2019-08-18 18:53:38'),
(253, 9, 'harum', 'Corrupti suscipit quibusdam repellendus vel pariatur vel. Rerum vero ratione voluptatem sit non. Nulla cupiditate libero distinctio omnis et eos quo.', 2, '2019-08-18 18:53:38', '2019-08-18 18:53:38'),
(254, 44, 'sed', 'Voluptatem maiores dolor impedit voluptatem sint. Sed aspernatur iusto in quam odit quos molestiae. Veritatis cupiditate modi eum deserunt nostrum. Error voluptatibus est natus iusto debitis. Nesciunt ullam aspernatur dolorum debitis.', 5, '2019-08-18 18:53:38', '2019-08-18 18:53:38'),
(255, 2, 'alias', 'Iure laudantium et dolores. Quis quo voluptatem voluptatem qui nesciunt. Vel delectus quis enim tempora deserunt.', 2, '2019-08-18 18:53:39', '2019-08-18 18:53:39'),
(256, 4, 'consequatur', 'Alias debitis sit vero quis sequi. Ad omnis similique facilis ab. Commodi facilis sit vero similique voluptas voluptatem.', 1, '2019-08-18 18:53:39', '2019-08-18 18:53:39'),
(257, 25, 'culpa', 'Possimus ut non veniam eius rerum. Modi dolor consequuntur fugit doloribus ipsum dolor. Unde molestiae dolorum non facere et. Voluptatum quaerat perferendis aut.', 0, '2019-08-18 18:53:39', '2019-08-18 18:53:39'),
(258, 38, 'odit', 'Qui fugiat perferendis ex odio cumque vel vel omnis. Odio voluptate iusto qui quis magnam numquam est. Numquam sit voluptatibus rem alias error ducimus ut omnis. Eligendi accusantium ducimus doloremque pariatur in assumenda aperiam.', 1, '2019-08-18 18:53:39', '2019-08-18 18:53:39'),
(259, 25, 'aspernatur', 'Expedita in nulla saepe deleniti cupiditate. Iusto aperiam est exercitationem dolor porro unde. Omnis impedit neque et libero eligendi eum sunt. Aliquam tempore deleniti blanditiis laudantium mollitia sed incidunt.', 4, '2019-08-18 18:53:39', '2019-08-18 18:53:39'),
(260, 17, 'autem', 'Deserunt explicabo qui fugiat sunt numquam quasi deserunt ea. Aspernatur aut est ea et aut. Iste aliquam id molestiae non fugit. Aut aut sed quis fugiat.', 4, '2019-08-18 18:53:39', '2019-08-18 18:53:39'),
(261, 13, 'in', 'Ea est occaecati facere architecto labore dignissimos et. Est cupiditate voluptas debitis. Nobis aspernatur in exercitationem ex repellendus ut velit.', 1, '2019-08-18 18:53:39', '2019-08-18 18:53:39'),
(262, 45, 'dolor', 'Fugiat explicabo pariatur non sed illo necessitatibus. Enim voluptas consequatur et quas recusandae est iusto. Eveniet enim rerum in error quis quis dolor aut. Culpa reprehenderit laborum ducimus id.', 5, '2019-08-18 18:53:39', '2019-08-18 18:53:39'),
(263, 47, 'architecto', 'Neque esse magnam eius quis sunt sequi. Rerum consectetur ab magnam aspernatur. Provident quam aliquid quia quia est est dolore. Quia laboriosam asperiores facere in voluptatem. Impedit in sint quis.', 1, '2019-08-18 18:53:39', '2019-08-18 18:53:39'),
(264, 31, 'perspiciatis', 'Consequatur rem quisquam autem perferendis sit molestiae incidunt. Voluptas repellat eligendi quis commodi. Qui ipsum qui ut occaecati libero. Voluptatem voluptatibus cupiditate ullam et quis soluta.', 1, '2019-08-18 18:53:39', '2019-08-18 18:53:39'),
(265, 9, 'architecto', 'Officiis adipisci consectetur impedit id perferendis. Est eveniet ad necessitatibus quaerat animi itaque. Quaerat dolor consectetur quae aut qui. Natus totam quis debitis amet qui doloribus quia ut. Ut esse sed delectus culpa ipsa labore et.', 2, '2019-08-18 18:53:39', '2019-08-18 18:53:39'),
(266, 17, 'quis', 'Similique non dolores aliquid animi in delectus enim. Aliquid cumque dolores eos debitis minus. Voluptates repudiandae labore atque veniam totam. Non magni voluptas distinctio nulla aut consequatur saepe unde.', 5, '2019-08-18 18:53:39', '2019-08-18 18:53:39'),
(267, 43, 'eius', 'Laudantium et nobis accusamus est qui. Maxime nam reiciendis facilis earum tempore quis. Quod voluptatibus est blanditiis asperiores dolor magnam et. Quia ut qui saepe consequatur voluptatem occaecati delectus dolorem.', 3, '2019-08-18 18:53:39', '2019-08-18 18:53:39'),
(268, 18, 'dolorum', 'Vero placeat necessitatibus voluptates sunt. Architecto commodi voluptatem dignissimos autem possimus suscipit totam. Libero labore sint libero ipsum saepe consequuntur. Dolor vero esse voluptate corrupti magni quos.', 2, '2019-08-18 18:53:39', '2019-08-18 18:53:39'),
(269, 26, 'consequatur', 'Et qui dolore hic rerum fugiat similique cumque expedita. Totam ipsum eaque aut aut quaerat. Dolorum quam corporis non veniam dolores. Sint architecto et odio dolore quisquam.', 5, '2019-08-18 18:53:39', '2019-08-18 18:53:39'),
(270, 25, 'voluptatem', 'Maiores non consequuntur sed illum quo quas ducimus. Error laudantium reiciendis veritatis placeat ipsa. Quod eligendi rerum officia dignissimos. Rerum laboriosam porro aliquam sapiente enim rem dolores.', 1, '2019-08-18 18:53:39', '2019-08-18 18:53:39'),
(271, 2, 'et', 'Ut reprehenderit consequatur ea earum. Sequi et et et.', 5, '2019-08-18 18:53:39', '2019-08-18 18:53:39'),
(272, 14, 'maiores', 'Atque repellendus facere suscipit laudantium dolor. Aut dolor eum accusantium. Odit nesciunt est illum molestias quasi quam. Beatae fugiat quia consequatur eligendi maxime libero pariatur eaque.', 3, '2019-08-18 18:53:39', '2019-08-18 18:53:39'),
(273, 12, 'ut', 'Corrupti quam reprehenderit perferendis ipsum et. Aliquam laborum aliquid est non id minima laudantium. Quisquam repellendus aliquam magnam modi.', 1, '2019-08-18 18:53:39', '2019-08-18 18:53:39'),
(274, 44, 'molestiae', 'Deleniti explicabo autem cumque placeat voluptatibus. Consequatur minus porro cum doloribus.', 4, '2019-08-18 18:53:39', '2019-08-18 18:53:39'),
(275, 42, 'rerum', 'Magni exercitationem non cupiditate voluptatem. Saepe amet incidunt nemo sequi possimus voluptas reprehenderit. Qui cupiditate officiis quam nobis libero quidem. Earum quo cumque officia nihil quisquam commodi. Et est eos omnis illo delectus non.', 5, '2019-08-18 18:53:39', '2019-08-18 18:53:39'),
(276, 47, 'corporis', 'Error unde voluptatem tempora nesciunt id qui reiciendis. Eveniet quo inventore sequi illum dolores consequatur quod quis. Itaque fugit maiores aut. Cumque officia minima ab dolorum perspiciatis facilis facilis.', 4, '2019-08-18 18:53:39', '2019-08-18 18:53:39'),
(277, 45, 'voluptas', 'Ut omnis animi ab excepturi sint sit. Et quas laborum dolorem praesentium eum ipsa. Deleniti mollitia iusto voluptatum nam velit maxime ipsum harum.', 0, '2019-08-18 18:53:40', '2019-08-18 18:53:40'),
(278, 35, 'repudiandae', 'Et sapiente dolores inventore eum labore quo. Id sapiente nemo veritatis sit quo in. Qui quia voluptas unde qui veritatis est dolorum.', 3, '2019-08-18 18:53:40', '2019-08-18 18:53:40'),
(279, 35, 'doloribus', 'Quisquam aut necessitatibus dicta corrupti omnis velit et. Et ut inventore et nobis animi. Dolorum eligendi rerum aut mollitia. Voluptatem eius eos est minus voluptatibus.', 1, '2019-08-18 18:53:40', '2019-08-18 18:53:40'),
(280, 30, 'et', 'Reiciendis mollitia unde nihil ipsam aperiam. Rerum ut eveniet pariatur. Ipsam ipsam inventore esse est voluptatem quia.', 0, '2019-08-18 18:53:40', '2019-08-18 18:53:40'),
(281, 10, 'accusamus', 'Quia sit corporis necessitatibus velit provident facere. Magnam nihil repellendus laudantium. Natus asperiores laborum itaque sunt repellendus. Iure quaerat ducimus assumenda sed.', 2, '2019-08-18 18:53:40', '2019-08-18 18:53:40'),
(282, 45, 'sint', 'Sunt rem animi exercitationem rerum accusantium. Qui velit ipsum et id harum ipsam nulla ea. Repellat harum enim beatae magni laboriosam. Quo voluptas tempora dolores facere omnis nisi aut.', 2, '2019-08-18 18:53:40', '2019-08-18 18:53:40'),
(283, 44, 'nulla', 'Ut quis illo aperiam. Ea voluptas et iusto placeat. Et qui facilis qui voluptatem dolorem inventore dolores.', 1, '2019-08-18 18:53:40', '2019-08-18 18:53:40'),
(284, 12, 'quidem', 'Libero ex corrupti ut blanditiis in vel. At consequuntur quaerat sit nostrum asperiores.', 1, '2019-08-18 18:53:40', '2019-08-18 18:53:40'),
(285, 9, 'consequuntur', 'Quasi ut atque tempora totam corrupti sint perspiciatis aut. Possimus eveniet sunt possimus. Ut pariatur nam illum nemo et enim. Reprehenderit eaque impedit adipisci.', 1, '2019-08-18 18:53:40', '2019-08-18 18:53:40'),
(286, 25, 'voluptatum', 'Officiis voluptatem officiis dolorem tenetur cum rerum error. Sunt laborum nihil assumenda magnam illo. Blanditiis consequatur rerum numquam sit similique repellat.', 0, '2019-08-18 18:53:40', '2019-08-18 18:53:40'),
(287, 35, 'et', 'Dolor id eos odit illum non quae laborum. Nihil quis necessitatibus culpa accusamus ab. Consectetur maxime laborum ipsa velit. A qui et expedita est earum.', 4, '2019-08-18 18:53:40', '2019-08-18 18:53:40'),
(288, 10, 'quos', 'In natus nulla perspiciatis est alias sed. Omnis aut dolorem ipsa sint veritatis et iure asperiores. Laboriosam nobis exercitationem non praesentium. Cum odit et fugit optio. Illum eos repellendus sapiente vitae autem sint vel aspernatur.', 2, '2019-08-18 18:53:40', '2019-08-18 18:53:40'),
(289, 46, 'doloremque', 'Est culpa autem fugiat qui ut ut at. Mollitia qui inventore laudantium unde nulla. Mollitia quas optio expedita est provident asperiores.', 0, '2019-08-18 18:53:40', '2019-08-18 18:53:40'),
(290, 3, 'totam', 'Eligendi nihil autem quasi harum et et. In et assumenda atque qui veritatis. Ea neque repellendus blanditiis molestiae iste praesentium.', 3, '2019-08-18 18:53:40', '2019-08-18 18:53:40'),
(291, 24, 'ipsum', 'Dolor sit autem non mollitia sunt incidunt dolore nisi. Doloremque velit autem itaque officiis et saepe. Eaque debitis eum cumque illum.', 3, '2019-08-18 18:53:40', '2019-08-18 18:53:40'),
(292, 49, 'ut', 'Ut excepturi architecto enim necessitatibus consectetur. Reiciendis sequi eligendi assumenda nobis voluptatem. Aspernatur mollitia ut id quis maxime. Dolorum velit ipsa voluptates qui.', 4, '2019-08-18 18:53:40', '2019-08-18 18:53:40'),
(293, 41, 'sed', 'Sequi eos cumque nihil beatae vel. Autem eveniet amet quae deserunt. Aut reprehenderit magni nemo ad fuga id incidunt.', 4, '2019-08-18 18:53:40', '2019-08-18 18:53:40'),
(294, 39, 'a', 'Explicabo enim possimus quisquam. Non adipisci soluta incidunt cumque est ea sed. Perspiciatis optio voluptas in et laudantium qui iste.', 3, '2019-08-18 18:53:40', '2019-08-18 18:53:40'),
(295, 41, 'labore', 'Nisi qui dolores ut soluta tempora quia placeat sed. Esse aut suscipit commodi rerum adipisci minus.', 3, '2019-08-18 18:53:40', '2019-08-18 18:53:40'),
(296, 8, 'facere', 'Tenetur sequi quo fugit sit laudantium consequuntur. Voluptatem facilis in officia consequatur recusandae est.', 3, '2019-08-18 18:53:40', '2019-08-18 18:53:40'),
(297, 3, 'sint', 'Velit et sed eum harum non. Officia quae laborum similique animi dicta quasi qui hic. Corporis non ut sed.', 0, '2019-08-18 18:53:40', '2019-08-18 18:53:40'),
(298, 36, 'omnis', 'Autem aut repellendus saepe consequatur dignissimos iusto. Beatae ut laborum corporis eum ullam inventore. Harum et veritatis accusantium aut veritatis veniam.', 4, '2019-08-18 18:53:40', '2019-08-18 18:53:40'),
(299, 47, 'saepe', 'Commodi exercitationem aliquid illo facilis. Aspernatur quibusdam id porro facere. Est error quia deleniti qui ut eaque.', 5, '2019-08-18 18:53:41', '2019-08-18 18:53:41'),
(300, 8, 'at', 'Iste enim iure voluptatibus et in vero ex. Harum quos sunt eos non. Omnis ad est deserunt excepturi mollitia temporibus et.', 5, '2019-08-18 18:53:41', '2019-08-18 18:53:41');

-- --------------------------------------------------------

--
-- Table structure for table `users`
--

CREATE TABLE `users` (
  `id` bigint(20) UNSIGNED NOT NULL,
  `name` varchar(255) COLLATE utf8mb4_unicode_ci NOT NULL,
  `email` varchar(255) COLLATE utf8mb4_unicode_ci NOT NULL,
  `email_verified_at` timestamp NULL DEFAULT NULL,
  `password` varchar(255) COLLATE utf8mb4_unicode_ci NOT NULL,
  `remember_token` varchar(100) COLLATE utf8mb4_unicode_ci DEFAULT NULL,
  `created_at` timestamp NULL DEFAULT NULL,
  `updated_at` timestamp NULL DEFAULT NULL
) ENGINE=InnoDB DEFAULT CHARSET=utf8mb4 COLLATE=utf8mb4_unicode_ci;

--
-- Indexes for dumped tables
--

--
-- Indexes for table `migrations`
--
ALTER TABLE `migrations`
  ADD PRIMARY KEY (`id`);

--
-- Indexes for table `password_resets`
--
ALTER TABLE `password_resets`
  ADD KEY `password_resets_email_index` (`email`);

--
-- Indexes for table `products`
--
ALTER TABLE `products`
  ADD PRIMARY KEY (`id`);

--
-- Indexes for table `reviews`
--
ALTER TABLE `reviews`
  ADD PRIMARY KEY (`id`),
  ADD KEY `reviews_product_id_index` (`product_id`);

--
-- Indexes for table `users`
--
ALTER TABLE `users`
  ADD PRIMARY KEY (`id`),
  ADD UNIQUE KEY `users_email_unique` (`email`);

--
-- AUTO_INCREMENT for dumped tables
--

--
-- AUTO_INCREMENT for table `migrations`
--
ALTER TABLE `migrations`
  MODIFY `id` int(10) UNSIGNED NOT NULL AUTO_INCREMENT, AUTO_INCREMENT=5;

--
-- AUTO_INCREMENT for table `products`
--
ALTER TABLE `products`
  MODIFY `id` bigint(20) UNSIGNED NOT NULL AUTO_INCREMENT, AUTO_INCREMENT=51;

--
-- AUTO_INCREMENT for table `reviews`
--
ALTER TABLE `reviews`
  MODIFY `id` bigint(20) UNSIGNED NOT NULL AUTO_INCREMENT, AUTO_INCREMENT=301;

--
-- AUTO_INCREMENT for table `users`
--
ALTER TABLE `users`
  MODIFY `id` bigint(20) UNSIGNED NOT NULL AUTO_INCREMENT;

--
-- Constraints for dumped tables
--

--
-- Constraints for table `reviews`
--
ALTER TABLE `reviews`
  ADD CONSTRAINT `reviews_product_id_foreign` FOREIGN KEY (`product_id`) REFERENCES `products` (`id`) ON DELETE CASCADE;
COMMIT;

/*!40101 SET CHARACTER_SET_CLIENT=@OLD_CHARACTER_SET_CLIENT */;
/*!40101 SET CHARACTER_SET_RESULTS=@OLD_CHARACTER_SET_RESULTS */;
/*!40101 SET COLLATION_CONNECTION=@OLD_COLLATION_CONNECTION */;
